run_tag,lambda_gb,g2,selfinteraction,a_mg,b_mg,chi0,coupling,perturbation,width,T,num_points_t,r_max,min_dr,max_dr,num_grid_points,wall_time_s,solver_success,t_crash,solver_message,has_solution,has_diagnostics,has_eft_diagnostics,size_bytes
lgb-1.0_mu0.08_a0.2_b0.4_amp-0.02_R3_dr0.0625_quadratic_0,-1.0,,0.08,0.2,0.4,0.15,quadratic_0,-0.02,3,800.0,1000,150,0.0625,2,216,9062.427896261215,True,-1.0,The solver successfully reached the end of the integration interval.,True,True,False,31237377
lgb-10.0_mu0.08_a0.2_b0.4_amp-0.02_R3_dr0.0625_quadratic_10,-10.0,,0.08,0.2,0.4,0.15,quadratic_10,-0.02,3,800.0,1000,150,0.0625,2,216,11200.109345674515,True,-1.0,The solver successfully reached the end of the integration interval.,True,True,False,31237381
lgb-15.0_mu0.08_a0.2_b0.4_amp-0.02_R3_dr0.0625_quadratic_10,-15.0,,0.08,0.2,0.4,0.15,quadratic_10,-0.02,3,800.0,1000,150,0.0625,2,216,10991.720165014267,True,-1.0,The solver successfully reached the end of the integration interval.,True,True,False,31237381
lgb-1_mu0.08_a0_b0_amp-0.02_R3_dr0.0416667_quadratic_0_g220,-1.0,20.0,0.08,0.0,0.0,0.15,quadratic_0,-0.02,3,800.0,1000,150,0.041666666666666664,2,220,16341.903681516647,True,-1.0,The solver successfully reached the end of the integration interval.,True,True,True,58229599
lgb-2.0_mu0.08_a0.2_b0.4_amp-0.02_R3_dr0.0625_quadratic_0,-2.0,,0.08,0.2,0.4,0.15,quadratic_0,-0.02,3,800.0,1000,150,0.0625,2,216,11172.174816846848,True,-1.0,The solver successfully reached the end of the integration interval.,True,True,False,31237377
lgb-20.0_mu0.08_a0.2_b0.4_amp-0.02_R3_dr0.0625_quadratic_10,-20.0,,0.08,0.2,0.4,0.15,quadratic_10,-0.02,3,800.0,1000,150,0.0625,2,216,196.770272731781,False,2.084083435979987,Required step size is less than spacing between numbers.,True,True,False,107005
lgb-25.0_mu0.08_a0.2_b0.4_amp-0.02_R3_dr0.0625_quadratic_10,-25.0,,0.08,0.2,0.4,0.15,quadratic_10,-0.02,3,800.0,1000,150,0.0625,2,216,233.4106833934784,False,2.056029634595381,Required step size is less than spacing between numbers.,True,True,False,107005
lgb-2_mu0.08_a0_b0_amp-0.02_R3_dr0.0416667_quadratic_0_g220,-2.0,20.0,0.08,0.0,0.0,0.15,quadratic_0,-0.02,3,800.0,1000,150,0.041666666666666664,2,220,16348.695313692093,True,-1.0,The solver successfully reached the end of the integration interval.,True,True,True,58229599
lgb-3.0_mu0.08_a0.2_b0.4_amp-0.02_R3_dr0.0625_quadratic_0,-3.0,,0.08,0.2,0.4,0.15,quadratic_0,-0.02,3,800.0,1000,150,0.0625,2,216,11160.415561676025,True,-1.0,The solver successfully reached the end of the integration interval.,True,True,False,31237377
lgb-3_mu0.08_a0_b0_amp-0.02_R3_dr0.0416667_quadratic_0_g220,-3.0,20.0,0.08,0.0,0.0,0.15,quadratic_0,-0.02,3,800.0,1000,150,0.041666666666666664,2,220,17368.085583925247,True,-1.0,The solver successfully reached the end of the integration interval.,True,True,True,69451869
lgb-4.0_mu0.08_a0.2_b0.4_amp-0.02_R3_dr0.0625_quadratic_0,-4.0,,0.08,0.2,0.4,0.15,quadratic_0,-0.02,3,800.0,1000,150,0.0625,2,216,10859.771932125092,True,-1.0,The solver successfully reached the end of the integration interval.,True,True,False,31237377
lgb-4_mu0.08_a0_b0_amp-0.02_R3_dr0.0416667_quadratic_0_g220,-4.0,20.0,0.08,0.0,0.0,0.15,quadratic_0,-0.02,3,800.0,1000,150,0.041666666666666664,2,220,14585.13513636589,True,-1.0,The solver successfully reached the end of the integration interval.,True,True,True,69451869
lgb-5.0_mu0.08_a0.2_b0.4_amp-0.02_R3_dr0.0625_quadratic_0,-5.0,,0.08,0.2,0.4,0.15,quadratic_0,-0.02,3,800.0,1000,150,0.0625,2,216,9178.241999387741,True,-1.0,The solver successfully reached the end of the integration interval.,True,True,False,31237377
lgb-5_mu0.08_a0_b0_amp-0.02_R3_dr0.0416667_quadratic_0_g220,-5.0,20.0,0.08,0.0,0.0,0.15,quadratic_0,-0.02,3,800.0,1000,150,0.041666666666666664,2,220,15492.06021618843,True,-1.0,The solver successfully reached the end of the integration interval.,True,True,True,69451869
lgb-6.0_mu0.08_a0.2_b0.4_amp-0.02_R3_dr0.0625_quadratic_10,-6.0,,0.08,0.2,0.4,0.15,quadratic_10,-0.02,3,800.0,1000,150,0.0625,2,216,9153.129979372025,True,-1.0,The solver successfully reached the end of the integration interval.,True,True,False,31237381
lgb-6_mu0.08_a0_b0_amp-0.02_R3_dr0.0416667_quadratic_0_g220,-6.0,20.0,0.08,0.0,0.0,0.15,quadratic_0,-0.02,3,800.0,1000,150,0.041666666666666664,2,220,15326.178657531738,True,-1.0,The solver successfully reached the end of the integration interval.,True,True,True,69451869
lgb-7.0_mu0.08_a0.2_b0.4_amp-0.02_R3_dr0.0625_quadratic_10,-7.0,,0.08,0.2,0.4,0.15,quadratic_10,-0.02,3,800.0,1000,150,0.0625,2,216,11228.164819955826,True,-1.0,The solver successfully reached the end of the integration interval.,True,True,False,31237381
lgb-7_mu0.08_a0_b0_amp-0.02_R3_dr0.0416667_quadratic_0_g220,-7.0,20.0,0.08,0.0,0.0,0.15,quadratic_0,-0.02,3,800.0,1000,150,0.041666666666666664,2,220,14910.929291009903,True,-1.0,The solver successfully reached the end of the integration interval.,True,True,True,69451869
lgb-8.0_mu0.08_a0.2_b0.4_amp-0.02_R3_dr0.0625_quadratic_10,-8.0,,0.08,0.2,0.4,0.15,quadratic_10,-0.02,3,800.0,1000,150,0.0625,2,216,11208.888813972473,True,-1.0,The solver successfully reached the end of the integration interval.,True,True,False,31237381
lgb-8_mu0.08_a0_b0_amp-0.02_R3_dr0.0416667_quadratic_0_g220,-8.0,20.0,0.08,0.0,0.0,0.15,quadratic_0,-0.02,3,800.0,1000,150,0.041666666666666664,2,220,15228.656132936478,True,-1.0,The solver successfully reached the end of the integration interval.,True,True,True,69451869
lgb-9.0_mu0.08_a0.2_b0.4_amp-0.02_R3_dr0.0625_quadratic_10,-9.0,,0.08,0.2,0.4,0.15,quadratic_10,-0.02,3,800.0,1000,150,0.0625,2,216,10340.019580364227,True,-1.0,The solver successfully reached the end of the integration interval.,True,True,False,31237381
lgb-9_mu0.08_a0_b0_amp-0.02_R3_dr0.0416667_quadratic_0_g220,-9.0,20.0,0.08,0.0,0.0,0.15,quadratic_0,-0.02,3,800.0,1000,150,0.041666666666666664,2,220,14821.176015615463,True,-1.0,The solver successfully reached the end of the integration interval.,True,True,True,69451869
lgb0.001_mu0.08_a0.2_b0.4_amp-0.02_R3_dr0.0625_linear,0.001,,0.08,0.2,0.4,0.15,linear,-0.02,3,800.0,1000,150,0.0625,2,216,10161.908415794373,True,-1.0,The solver successfully reached the end of the integration interval.,True,True,False,31253845
lgb0.01_mu0.08_a0.2_b0.4_amp-0.02_R3_dr0.0625_linear,0.01,,0.08,0.2,0.4,0.15,linear,-0.02,3,800.0,1000,150,0.0625,2,216,10159.796761751175,True,-1.0,The solver successfully reached the end of the integration interval.,True,True,False,31237357
lgb0.03_mu0.08_a0.2_b0.4_amp-0.02_R3_dr0.0625_quadratic_g20,0.03,0.0,0.08,0.2,0.4,0.15,quadratic,-0.02,3.0,800.0,1000,150,0.0625,2,216,7667.829050064087,True,-1.0,The solver successfully reached the end of the integration interval.,True,True,False,31237613
lgb0.05_mu0.08_a0.2_b0.4_amp-0.02_R3_dr0.0625_linear,0.05,,0.08,0.2,0.4,0.15,linear,-0.02,3,800.0,1000,150,0.0625,2,216,10162.665837526321,True,-1.0,The solver successfully reached the end of the integration interval.,True,True,False,31237357
lgb0.0_mu0.04_a0.2_b0.4_amp-0.02_R3_dr0.0625,0.0,,0.04,0.2,0.4,0.15,quadratic,-0.02,3,1600.0,2000,150,0.0625,2,216,19181.436048984528,True,-1.0,The solver successfully reached the end of the integration interval.,True,True,False,55548871
lgb0.0_mu0.06_a0.2_b0.4_amp-0.02_R3_dr0.0625,0.0,,0.06,0.2,0.4,0.15,quadratic,-0.02,3,1600.0,2000,150,0.0625,2,216,19262.69514608383,True,-1.0,The solver successfully reached the end of the integration interval.,True,True,False,55548871
lgb0.0_mu0.08_a0.0_b0.0_amp-0.02_R3.0_dr0.041666666666666664_quadratic_0,0.0,,0.08,0.0,0.0,0.15,quadratic_0,-0.02,3.0,800.0,1000,150,0.041666666666666664,2,220,14059.240564107895,True,-1.0,The solver successfully reached the end of the integration interval.,True,True,True,90588617
lgb0.0_mu0.08_a0.0_b0.0_amp-0.05_R3.0_dr0.041666666666666664_quadratic_0,0.0,,0.08,0.0,0.0,0.15,quadratic_0,-0.05,3.0,800.0,1000,150,0.041666666666666664,2,220,14448.086744070053,True,-1.0,The solver successfully reached the end of the integration interval.,True,True,True,90572129
lgb0.0_mu0.08_a0.0_b0.0_amp-0.1_R3.0_dr0.041666666666666664_quadratic_0,0.0,,0.08,0.0,0.0,0.15,quadratic_0,-0.1,3.0,800.0,1000,150,0.041666666666666664,2,220,14591.776440143585,True,-1.0,The solver successfully reached the end of the integration interval.,True,True,False,31813441
lgb0.0_mu0.08_a0.0_b0.0_amp-0.5_R3.0_dr0.041666666666666664_quadratic_0,0.0,,0.08,0.0,0.0,0.15,quadratic_0,-0.5,3.0,800.0,1000,150,0.041666666666666664,2,220,14956.562521457672,True,-1.0,The solver successfully reached the end of the integration interval.,True,True,False,31813441
lgb0.0_mu0.08_a0.0_b0.0_amp-1.0_R3.0_dr0.041666666666666664_quadratic_0,0.0,,0.08,0.0,0.0,0.15,quadratic_0,-1.0,3.0,800.0,1000,150,0.041666666666666664,2,220,1874.171509027481,False,92.54275865709482,Required step size is less than spacing between numbers.,True,True,False,3702193
lgb0.0_mu0.08_a0.1_b0.2_amp-0.02_R3.0_dr0.03125_quadratic_0,0.0,,0.08,0.1,0.2,0.15,quadratic_0,-0.02,3.0,800.0,1000,150,0.03125,2,222,23236.551814556122,True,-1.0,The solver successfully reached the end of the integration interval.,True,True,False,32101473
lgb0.0_mu0.08_a0.1_b0.2_amp-0.02_R3.0_dr0.041666666666666664_quadratic_0,0.0,,0.08,0.1,0.2,0.15,quadratic_0,-0.02,3.0,800.0,1000,150,0.041666666666666664,2,220,15046.987935781479,True,-1.0,The solver successfully reached the end of the integration interval.,True,True,False,31813441
lgb0.0_mu0.08_a0.2_b0.4_amp-0.02_R3.0_dr0.03125_quadratic_0,0.0,,0.08,0.2,0.4,0.15,quadratic_0,-0.02,3.0,800.0,1000,150,0.03125,2,222,20150.425251960754,True,-1.0,The solver successfully reached the end of the integration interval.,True,True,False,32101473
lgb0.0_mu0.08_a0.2_b0.4_amp-0.02_R3.0_dr0.041666666666666664_quadratic_0,0.0,,0.08,0.2,0.4,0.15,quadratic_0,-0.02,3.0,800.0,1000,150,0.041666666666666664,2,220,19419.090887784958,True,-1.0,The solver successfully reached the end of the integration interval.,True,True,False,31813441
lgb0.0_mu0.08_a0.2_b0.4_amp-0.02_R3_dr0.0625,0.0,0.0,0.08,0.2,0.4,0.15,quadratic,-0.02,3,800.0,1000,150,0.0625,2,216,337.34588384628296,False,20.95720263098078,Required step size is less than spacing between numbers.,True,True,False,856613
lgb0.0_mu0.08_a0.2_b0.4_amp-0.02_R3_dr0.0625_linear,0.0,,0.08,0.2,0.4,0.15,linear,-0.02,3,800.0,1000,150,0.0625,2,216,10159.991946697235,True,-1.0,The solver successfully reached the end of the integration interval.,True,True,False,31253845
lgb0.0_mu0.08_a0.2_b0.4_amp-0.02_R3_dr0.0625_quadratic_0,0.0,,0.08,0.2,0.4,0.15,quadratic_0,-0.02,3,800.0,1000,150,0.0625,2,216,10553.781005382538,True,-1.0,The solver successfully reached the end of the integration interval.,True,True,False,31237377
lgb0.0_mu0.08_a0.2_b0.4_amp-0.05_R3_dr0.0625_quadratic_0,0.0,,0.08,0.2,0.4,0.15,quadratic_0,-0.05,3,800.0,1000,150,0.0625,2,216,9628.685146331787,True,-1.0,The solver successfully reached the end of the integration interval.,True,True,False,31237377
lgb0.1_mu0.08_a0.2_b0.4_amp-0.02_R3_dr0.0625_linear,0.1,,0.08,0.2,0.4,0.15,linear,-0.02,3,800.0,1000,150,0.0625,2,216,9739.770045518875,True,-1.0,The solver successfully reached the end of the integration interval.,True,True,False,31237357
lgb0.5_mu0.08_a0.2_b0.4_amp-0.02_R3_dr0.0625_linear,0.5,,0.08,0.2,0.4,0.15,linear,-0.02,3,800.0,1000,150,0.0625,2,216,9719.437917470932,True,-1.0,The solver successfully reached the end of the integration interval.,True,True,False,31237357
lgb0_mu0.08_a0_b0_amp-0.0002_R3_dr0.0416667_quadratic_0_noBR_g20,0.0,0.0,0.08,0.0,0.0,0.15,quadratic_0_noBR,-0.0002,3.0,800.0,1000,150,0.041666666666666664,2,220,12415.504952669144,True,-1.0,The solver successfully reached the end of the integration interval.,True,True,False,31813705
lgb0_mu0.08_a0_b0_amp-0.0002_R3_dr0.0416667_quadratic_g20,0.0,0.0,0.08,0.0,0.0,0.15,quadratic,-0.0002,3.0,800.0,1000,150,0.041666666666666664,2,220,12299.727153539658,True,-1.0,The solver successfully reached the end of the integration interval.,True,True,False,31813677
lgb0_mu0.08_a0_b0_amp-0.02_R3_dr0.0208333_quadratic_0_g210,0.0,10.0,0.08,0.0,0.0,0.15,quadratic_0,-0.02,3.0,800.0,1000,150,0.02083333333333333,2,224,24926.10368323326,True,-1.0,The solver successfully reached the end of the integration interval.,True,True,False,32406237
lgb0_mu0.08_a0_b0_amp-0.02_R3_dr0.0277778_quadratic_g220,0.0,20.0,0.08,0.0,0.0,0.15,quadratic,-0.02,3,800.0,1000,150,0.027777777777777776,2,223,22990.650758743286,True,-1.0,The solver successfully reached the end of the integration interval.,True,True,False,32245725
lgb0_mu0.08_a0_b0_amp-0.02_R3_dr0.0333333_quadratic_0_g210,0.0,10.0,0.08,0.0,0.0,0.15,quadratic_0,-0.02,3.0,800.0,1000,150,0.03333333333333333,2,222,14508.746692419052,True,-1.0,The solver successfully reached the end of the integration interval.,True,True,False,32118205
lgb0_mu0.08_a0_b0_amp-0.02_R3_dr0.0416667_quadratic_0_g21,0.0,1.0,0.08,0.0,0.0,0.15,quadratic_0,-0.02,3.0,800.0,1000,150,0.041666666666666664,2,220,11369.275478839874,True,-1.0,The solver successfully reached the end of the integration interval.,True,True,False,31813685
lgb0_mu0.08_a0_b0_amp-0.02_R3_dr0.0416667_quadratic_0_g210,0.0,10.0,0.08,0.0,0.0,0.15,quadratic_0,-0.02,3.0,800.0,1000,150,0.041666666666666664,2,220,11592.640869617462,True,-1.0,The solver successfully reached the end of the integration interval.,True,True,True,90588861
lgb0_mu0.08_a0_b0_amp-0.02_R3_dr0.0416667_quadratic_0_g211,0.0,11.0,0.08,0.0,0.0,0.15,quadratic_0,-0.02,3.0,800.0,1000,150,0.041666666666666664,2,220,11821.606468439102,True,-1.0,The solver successfully reached the end of the integration interval.,True,True,False,31813685
lgb0_mu0.08_a0_b0_amp-0.02_R3_dr0.0416667_quadratic_0_g212,0.0,12.0,0.08,0.0,0.0,0.15,quadratic_0,-0.02,3.0,800.0,1000,150,0.041666666666666664,2,220,11749.54919219017,True,-1.0,The solver successfully reached the end of the integration interval.,True,True,True,90572373
lgb0_mu0.08_a0_b0_amp-0.02_R3_dr0.0416667_quadratic_0_g213,0.0,13.0,0.08,0.0,0.0,0.15,quadratic_0,-0.02,3.0,800.0,1000,150,0.041666666666666664,2,220,11595.760110378265,True,-1.0,The solver successfully reached the end of the integration interval.,True,True,False,31813685
lgb0_mu0.08_a0_b0_amp-0.02_R3_dr0.0416667_quadratic_0_g214,0.0,14.0,0.08,0.0,0.0,0.15,quadratic_0,-0.02,3.0,800.0,1000,150,0.041666666666666664,2,220,11372.566364049911,True,-1.0,The solver successfully reached the end of the integration interval.,True,True,False,31813685
lgb0_mu0.08_a0_b0_amp-0.02_R3_dr0.0416667_quadratic_0_g215,0.0,15.0,0.08,0.0,0.0,0.15,quadratic_0,-0.02,3.0,800.0,1000,150,0.041666666666666664,2,220,11385.01951432228,True,-1.0,The solver successfully reached the end of the integration interval.,True,True,True,90572373
lgb0_mu0.08_a0_b0_amp-0.02_R3_dr0.0416667_quadratic_0_g216,0.0,16.0,0.08,0.0,0.0,0.15,quadratic_0,-0.02,3.0,800.0,1000,150,0.041666666666666664,2,220,11547.105304956436,True,-1.0,The solver successfully reached the end of the integration interval.,True,True,True,90572373
lgb0_mu0.08_a0_b0_amp-0.02_R3_dr0.0416667_quadratic_0_g217,0.0,17.0,0.08,0.0,0.0,0.15,quadratic_0,-0.02,3.0,800.0,1000,150,0.041666666666666664,2,220,11398.295995473862,True,-1.0,The solver successfully reached the end of the integration interval.,True,True,True,90572373
lgb0_mu0.08_a0_b0_amp-0.02_R3_dr0.0416667_quadratic_0_g218,0.0,18.0,0.08,0.0,0.0,0.15,quadratic_0,-0.02,3.0,800.0,1000,150,0.041666666666666664,2,220,11433.9223279953,True,-1.0,The solver successfully reached the end of the integration interval.,True,True,True,90572373
lgb0_mu0.08_a0_b0_amp-0.02_R3_dr0.0416667_quadratic_0_g219,0.0,19.0,0.08,0.0,0.0,0.15,quadratic_0,-0.02,3.0,800.0,1000,150,0.041666666666666664,2,220,11338.064168691635,True,-1.0,The solver successfully reached the end of the integration interval.,True,True,True,90572373
lgb0_mu0.08_a0_b0_amp-0.02_R3_dr0.0416667_quadratic_0_g22,0.0,2.0,0.08,0.0,0.0,0.15,quadratic_0,-0.02,3.0,800.0,1000,150,0.041666666666666664,2,220,11372.598092556,True,-1.0,The solver successfully reached the end of the integration interval.,True,True,False,31813685
lgb0_mu0.08_a0_b0_amp-0.02_R3_dr0.0416667_quadratic_0_g220,0.0,20.0,0.08,0.0,0.0,0.15,quadratic_0,-0.02,3.0,800.0,1000,150,0.041666666666666664,2,220,11577.804575681686,True,-1.0,The solver successfully reached the end of the integration interval.,True,True,True,90572373
lgb0_mu0.08_a0_b0_amp-0.02_R3_dr0.0416667_quadratic_0_g23,0.0,3.0,0.08,0.0,0.0,0.15,quadratic_0,-0.02,3.0,800.0,1000,150,0.041666666666666664,2,220,11362.655829668045,True,-1.0,The solver successfully reached the end of the integration interval.,True,True,False,31813685
lgb0_mu0.08_a0_b0_amp-0.02_R3_dr0.0416667_quadratic_0_g24,0.0,4.0,0.08,0.0,0.0,0.15,quadratic_0,-0.02,3.0,800.0,1000,150,0.041666666666666664,2,220,11457.664297103882,True,-1.0,The solver successfully reached the end of the integration interval.,True,True,True,90572373
lgb0_mu0.08_a0_b0_amp-0.02_R3_dr0.0416667_quadratic_0_g25,0.0,5.0,0.08,0.0,0.0,0.15,quadratic_0,-0.02,3.0,800.0,1000,150,0.041666666666666664,2,220,11437.457740545273,True,-1.0,The solver successfully reached the end of the integration interval.,True,True,True,90572373
lgb0_mu0.08_a0_b0_amp-0.02_R3_dr0.0416667_quadratic_0_g26,0.0,6.0,0.08,0.0,0.0,0.15,quadratic_0,-0.02,3.0,800.0,1000,150,0.041666666666666664,2,220,11476.70798277855,True,-1.0,The solver successfully reached the end of the integration interval.,True,True,True,90572373
lgb0_mu0.08_a0_b0_amp-0.02_R3_dr0.0416667_quadratic_0_g27,0.0,7.0,0.08,0.0,0.0,0.15,quadratic_0,-0.02,3.0,800.0,1000,150,0.041666666666666664,2,220,11954.708662986755,True,-1.0,The solver successfully reached the end of the integration interval.,True,True,True,90572373
lgb0_mu0.08_a0_b0_amp-0.02_R3_dr0.0416667_quadratic_0_g28,0.0,8.0,0.08,0.0,0.0,0.15,quadratic_0,-0.02,3.0,800.0,1000,150,0.041666666666666664,2,220,11655.936253070831,True,-1.0,The solver successfully reached the end of the integration interval.,True,True,True,90572373
lgb0_mu0.08_a0_b0_amp-0.02_R3_dr0.0416667_quadratic_0_g29,0.0,9.0,0.08,0.0,0.0,0.15,quadratic_0,-0.02,3.0,800.0,1000,150,0.041666666666666664,2,220,11546.349658250809,True,-1.0,The solver successfully reached the end of the integration interval.,True,True,False,31813685
lgb0_mu0.08_a0_b0_amp-0.02_R3_dr0.0416667_quadratic_0_noBR_g20,0.0,0.0,0.08,0.0,0.0,0.15,quadratic_0_noBR,-0.02,3.0,800.0,1000,150,0.041666666666666664,2,220,11676.232531547546,True,-1.0,The solver successfully reached the end of the integration interval.,True,True,True,90588881
lgb0_mu0.08_a0_b0_amp-0.02_R3_dr0.0416667_quadratic_0_rampOn_g221,0.0,21.0,0.08,0.0,0.0,0.15,quadratic_0_rampOn,-0.02,3.0,800.0,1000,150,0.041666666666666664,2,220,11378.217365264893,True,-1.0,The solver successfully reached the end of the integration interval.,True,True,False,31813713
lgb0_mu0.08_a0_b0_amp-0.02_R3_dr0.0416667_quadratic_0_rampOn_g222,0.0,22.0,0.08,0.0,0.0,0.15,quadratic_0_rampOn,-0.02,3.0,800.0,1000,150,0.041666666666666664,2,220,11369.837198972702,True,-1.0,The solver successfully reached the end of the integration interval.,True,True,False,31813713
lgb0_mu0.08_a0_b0_amp-0.02_R3_dr0.0416667_quadratic_0_rampOn_g223,0.0,23.0,0.08,0.0,0.0,0.15,quadratic_0_rampOn,-0.02,3.0,800.0,1000,150,0.041666666666666664,2,220,11367.71877360344,True,-1.0,The solver successfully reached the end of the integration interval.,True,True,False,31813713
lgb0_mu0.08_a0_b0_amp-0.02_R3_dr0.0416667_quadratic_0_rampOn_g225,0.0,25.0,0.08,0.0,0.0,0.15,quadratic_0_rampOn,-0.02,3.0,800.0,1000,150,0.041666666666666664,2,220,11606.669387102127,True,-1.0,The solver successfully reached the end of the integration interval.,True,True,False,31813713
lgb0_mu0.08_a0_b0_amp-0.02_R3_dr0.0416667_quadratic_0_rampOn_g230,0.0,30.0,0.08,0.0,0.0,0.15,quadratic_0_rampOn,-0.02,3.0,800.0,1000,150,0.041666666666666664,2,220,11589.570810556412,True,-1.0,The solver successfully reached the end of the integration interval.,True,True,False,31813713
lgb0_mu0.08_a0_b0_amp-0.02_R3_dr0.0416667_quadratic_0_rampOn_g235,0.0,35.0,0.08,0.0,0.0,0.15,quadratic_0_rampOn,-0.02,3.0,800.0,1000,150,0.041666666666666664,2,220,11624.26110959053,True,-1.0,The solver successfully reached the end of the integration interval.,True,True,False,31813713
lgb0_mu0.08_a0_b0_amp-0.02_R3_dr0.0416667_quadratic_g2-0.5,0.0,-0.5,0.08,0.0,0.0,0.15,quadratic,-0.02,3,800.0,1000,150,0.041666666666666664,2,220,17671.482255220413,True,-1.0,The solver successfully reached the end of the integration interval.,True,True,True,69451861
lgb0_mu0.08_a0_b0_amp-0.02_R3_dr0.0416667_quadratic_g2-1,0.0,-1.0,0.08,0.0,0.0,0.15,quadratic,-0.02,3,800.0,1000,150,0.041666666666666664,2,220,16949.581695079803,True,-1.0,The solver successfully reached the end of the integration interval.,True,True,True,69451861
lgb0_mu0.08_a0_b0_amp-0.02_R3_dr0.0416667_quadratic_g2-10,0.0,-10.0,0.08,0.0,0.0,0.15,quadratic,-0.02,3,800.0,1000,150,0.041666666666666664,2,220,14941.361781358719,True,-1.0,The solver successfully reached the end of the integration interval.,True,True,True,69451861
lgb0_mu0.08_a0_b0_amp-0.02_R3_dr0.0416667_quadratic_g2-2,0.0,-2.0,0.08,0.0,0.0,0.15,quadratic,-0.02,3,800.0,1000,150,0.041666666666666664,2,220,14932.803359031677,True,-1.0,The solver successfully reached the end of the integration interval.,True,True,True,69451861
lgb0_mu0.08_a0_b0_amp-0.02_R3_dr0.0416667_quadratic_g2-3,0.0,-3.0,0.08,0.0,0.0,0.15,quadratic,-0.02,3,800.0,1000,150,0.041666666666666664,2,220,14934.274156093597,True,-1.0,The solver successfully reached the end of the integration interval.,True,True,True,69451861
lgb0_mu0.08_a0_b0_amp-0.02_R3_dr0.0416667_quadratic_g2-4,0.0,-4.0,0.08,0.0,0.0,0.15,quadratic,-0.02,3,800.0,1000,150,0.041666666666666664,2,220,14426.927701711655,True,-1.0,The solver successfully reached the end of the integration interval.,True,True,True,69451861
lgb0_mu0.08_a0_b0_amp-0.02_R3_dr0.0416667_quadratic_g2-5,0.0,-5.0,0.08,0.0,0.0,0.15,quadratic,-0.02,3,800.0,1000,150,0.041666666666666664,2,220,14434.51975107193,True,-1.0,The solver successfully reached the end of the integration interval.,True,True,True,69451861
lgb0_mu0.08_a0_b0_amp-0.02_R3_dr0.0416667_quadratic_g20,0.0,0.0,0.08,0.0,0.0,0.15,quadratic,-0.02,3,800.0,1000,150,0.041666666666666664,2,220,15498.619119882584,True,-1.0,The solver successfully reached the end of the integration interval.,True,True,True,90572365
lgb0_mu0.08_a0_b0_amp-0.02_R3_dr0.0416667_quadratic_g20.1,0.0,0.1,0.08,0.0,0.0,0.15,quadratic,-0.02,3,800.0,1000,150,0.041666666666666664,2,220,15509.83845114708,True,-1.0,The solver successfully reached the end of the integration interval.,True,True,True,69451861
lgb0_mu0.08_a0_b0_amp-0.02_R3_dr0.0416667_quadratic_g20.5,0.0,0.5,0.08,0.0,0.0,0.15,quadratic,-0.02,3,800.0,1000,150,0.041666666666666664,2,220,15510.6797914505,True,-1.0,The solver successfully reached the end of the integration interval.,True,True,True,69451861
lgb0_mu0.08_a0_b0_amp-0.02_R3_dr0.0416667_quadratic_g21,0.0,1.0,0.08,0.0,0.0,0.15,quadratic,-0.02,3,800.0,1000,150,0.041666666666666664,2,220,15509.453723430634,True,-1.0,The solver successfully reached the end of the integration interval.,True,True,True,69451861
lgb0_mu0.08_a0_b0_amp-0.02_R3_dr0.0416667_quadratic_g210,0.0,10.0,0.08,0.0,0.0,0.15,quadratic,-0.02,3,800.0,1000,150,0.041666666666666664,2,220,14743.379527330399,True,-1.0,The solver successfully reached the end of the integration interval.,True,True,True,90572365
lgb0_mu0.08_a0_b0_amp-0.02_R3_dr0.0416667_quadratic_g22,0.0,2.0,0.08,0.0,0.0,0.15,quadratic,-0.02,3,800.0,1000,150,0.041666666666666664,2,220,17063.22980284691,True,-1.0,The solver successfully reached the end of the integration interval.,True,True,True,69451861
lgb0_mu0.08_a0_b0_amp-0.02_R3_dr0.0416667_quadratic_g220,0.0,20.0,0.08,0.0,0.0,0.15,quadratic,-0.02,3,800.0,1000,150,0.041666666666666664,2,220,14756.50904750824,True,-1.0,The solver successfully reached the end of the integration interval.,True,True,True,90572365
lgb0_mu0.08_a0_b0_amp-0.02_R3_dr0.0416667_quadratic_g225,0.0,25.0,0.08,0.0,0.0,0.15,quadratic,-0.02,3,800.0,1000,150,0.041666666666666664,2,220,20109.070850133896,True,-1.0,The solver successfully reached the end of the integration interval.,True,True,True,69451861
lgb0_mu0.08_a0_b0_amp-0.02_R3_dr0.0416667_quadratic_g23,0.0,3.0,0.08,0.0,0.0,0.15,quadratic,-0.02,3,800.0,1000,150,0.041666666666666664,2,220,15445.61730837822,True,-1.0,The solver successfully reached the end of the integration interval.,True,True,True,69451861
lgb0_mu0.08_a0_b0_amp-0.02_R3_dr0.0416667_quadratic_g230,0.0,30.0,0.08,0.0,0.0,0.15,quadratic,-0.02,3,800.0,1000,150,0.041666666666666664,2,220,19707.279120206833,True,-1.0,The solver successfully reached the end of the integration interval.,True,True,True,69451861
lgb0_mu0.08_a0_b0_amp-0.02_R3_dr0.0416667_quadratic_g231,0.0,31.0,0.08,0.0,0.0,0.15,quadratic,-0.02,3,800.0,1000,150,0.041666666666666664,2,220,16191.23616361618,True,-1.0,The solver successfully reached the end of the integration interval.,True,True,True,69451861
lgb0_mu0.08_a0_b0_amp-0.02_R3_dr0.0416667_quadratic_g232,0.0,32.0,0.08,0.0,0.0,0.15,quadratic,-0.02,3,800.0,1000,150,0.041666666666666664,2,220,16197.160654306412,True,-1.0,The solver successfully reached the end of the integration interval.,True,True,True,69451861
lgb0_mu0.08_a0_b0_amp-0.02_R3_dr0.0416667_quadratic_g233,0.0,33.0,0.08,0.0,0.0,0.15,quadratic,-0.02,3,800.0,1000,150,0.041666666666666664,2,220,4800.6417117118835,False,222.01424214024945,Required step size is less than spacing between numbers.,True,True,True,19324797
lgb0_mu0.08_a0_b0_amp-0.02_R3_dr0.0416667_quadratic_g234,0.0,34.0,0.08,0.0,0.0,0.15,quadratic,-0.02,3,800.0,1000,150,0.041666666666666664,2,220,4463.096195936203,False,215.40234607533066,Required step size is less than spacing between numbers.,True,True,True,18769373
lgb0_mu0.08_a0_b0_amp-0.02_R3_dr0.0416667_quadratic_g235,0.0,35.0,0.08,0.0,0.0,0.15,quadratic,-0.02,3,800.0,1000,150,0.041666666666666664,2,220,5231.072701692581,False,208.41324776820198,Required step size is less than spacing between numbers.,True,True,True,18144521
lgb0_mu0.08_a0_b0_amp-0.02_R3_dr0.0416667_quadratic_g24,0.0,4.0,0.08,0.0,0.0,0.15,quadratic,-0.02,3,800.0,1000,150,0.041666666666666664,2,220,15428.430213451385,True,-1.0,The solver successfully reached the end of the integration interval.,True,True,True,69451861
lgb0_mu0.08_a0_b0_amp-0.02_R3_dr0.0416667_quadratic_g240,0.0,40.0,0.08,0.0,0.0,0.15,quadratic,-0.02,3,800.0,1000,150,0.041666666666666664,2,220,2949.944185256958,False,144.0722538072663,Required step size is less than spacing between numbers.,True,True,True,12590281
lgb0_mu0.08_a0_b0_amp-0.02_R3_dr0.0416667_quadratic_g25,0.0,5.0,0.08,0.0,0.0,0.15,quadratic,-0.02,3,800.0,1000,150,0.041666666666666664,2,220,15478.857722759247,True,-1.0,The solver successfully reached the end of the integration interval.,True,True,True,69451861
lgb0_mu0.08_a0_b0_amp-0.02_R3_dr0.0416667_quadratic_g250,0.0,50.0,0.08,0.0,0.0,0.15,quadratic,-0.02,3,800.0,1000,150,0.041666666666666664,2,220,2006.6022510528564,False,79.5545541093169,Required step size is less than spacing between numbers.,True,True,True,6966613
lgb0_mu0.08_a0_b0_amp-0.02_R3_dr0.0416667_quadratic_g26,0.0,6.0,0.08,0.0,0.0,0.15,quadratic,-0.02,3,800.0,1000,150,0.041666666666666664,2,220,15475.630620002747,True,-1.0,The solver successfully reached the end of the integration interval.,True,True,True,69451861
lgb0_mu0.08_a0_b0_amp-0.02_R3_dr0.0555556_quadratic_0_g210,0.0,10.0,0.08,0.0,0.0,0.15,quadratic_0,-0.02,3.0,800.0,1000,150,0.05555555555555555,2,217,8410.875789165497,True,-1.0,The solver successfully reached the end of the integration interval.,True,True,False,31398125
lgb0_mu0.08_a0_b0_amp-0.02_R3_dr0.0833333_quadratic_0_g210,0.0,10.0,0.08,0.0,0.0,0.15,quadratic_0,-0.02,3.0,800.0,1000,150,0.08333333333333333,2,212,6313.92199921608,True,-1.0,The solver successfully reached the end of the integration interval.,True,True,False,30678045
lgb0_mu0.08_a0_b0_amp-0.05_R3_dr0.0416667_quadratic_0_g210,0.0,10.0,0.08,0.0,0.0,0.15,quadratic_0,-0.05,3.0,800.0,1000,150,0.041666666666666664,2,220,13987.379122018814,True,-1.0,The solver successfully reached the end of the integration interval.,True,True,False,31813685
lgb0_mu0.08_a0_b0_amp-0.05_R3_dr0.0416667_quadratic_0_g212,0.0,12.0,0.08,0.0,0.0,0.15,quadratic_0,-0.05,3.0,800.0,1000,150,0.041666666666666664,2,220,13990.682436704636,True,-1.0,The solver successfully reached the end of the integration interval.,True,True,False,31813685
lgb0_mu0.08_a0_b0_amp-0.05_R3_dr0.0416667_quadratic_0_g22,0.0,2.0,0.08,0.0,0.0,0.15,quadratic_0,-0.05,3.0,800.0,1000,150,0.041666666666666664,2,220,11430.314210176468,True,-1.0,The solver successfully reached the end of the integration interval.,True,True,False,31813685
lgb0_mu0.08_a0_b0_amp-0.05_R3_dr0.0416667_quadratic_0_g24,0.0,4.0,0.08,0.0,0.0,0.15,quadratic_0,-0.05,3.0,800.0,1000,150,0.041666666666666664,2,220,14022.349661111832,True,-1.0,The solver successfully reached the end of the integration interval.,True,True,False,31813685
lgb0_mu0.08_a0_b0_amp-0.05_R3_dr0.0416667_quadratic_0_g28,0.0,8.0,0.08,0.0,0.0,0.15,quadratic_0,-0.05,3.0,800.0,1000,150,0.041666666666666664,2,220,14015.76343035698,True,-1.0,The solver successfully reached the end of the integration interval.,True,True,False,31813685
lgb0_mu0.08_a0_b0_amp-0.1_R3_dr0.0416667_quadratic_0_g20,0.0,0.0,0.08,0.0,0.0,0.15,quadratic_0,-0.1,3.0,800.0,1000,150,0.041666666666666664,2,220,11638.885477781296,True,-1.0,The solver successfully reached the end of the integration interval.,True,True,True,90572373
lgb0_mu0.08_a0_b0_amp-0.1_R3_dr0.0416667_quadratic_0_g210,0.0,10.0,0.08,0.0,0.0,0.15,quadratic_0,-0.1,3.0,800.0,1000,150,0.041666666666666664,2,220,11713.475416898727,True,-1.0,The solver successfully reached the end of the integration interval.,True,True,False,31813685
lgb0_mu0.08_a0_b0_amp-0.1_R3_dr0.0416667_quadratic_0_g212,0.0,12.0,0.08,0.0,0.0,0.15,quadratic_0,-0.1,3.0,800.0,1000,150,0.041666666666666664,2,220,11382.140694379807,True,-1.0,The solver successfully reached the end of the integration interval.,True,True,False,31813685
lgb0_mu0.08_a0_b0_amp-0.1_R3_dr0.0416667_quadratic_0_g22,0.0,2.0,0.08,0.0,0.0,0.15,quadratic_0,-0.1,3.0,800.0,1000,150,0.041666666666666664,2,220,11395.59621500969,True,-1.0,The solver successfully reached the end of the integration interval.,True,True,False,31813685
lgb0_mu0.08_a0_b0_amp-0.1_R3_dr0.0416667_quadratic_0_g24,0.0,4.0,0.08,0.0,0.0,0.15,quadratic_0,-0.1,3.0,800.0,1000,150,0.041666666666666664,2,220,11382.86864733696,True,-1.0,The solver successfully reached the end of the integration interval.,True,True,False,31813685
lgb0_mu0.08_a0_b0_amp-0.1_R3_dr0.0416667_quadratic_0_g28,0.0,8.0,0.08,0.0,0.0,0.15,quadratic_0,-0.1,3.0,800.0,1000,150,0.041666666666666664,2,220,11389.899708747864,True,-1.0,The solver successfully reached the end of the integration interval.,True,True,False,31813685
lgb0_mu0.08_a0_b0_amp-0.5_R3_dr0.0416667_quadratic_0_g20,0.0,0.0,0.08,0.0,0.0,0.15,quadratic_0,-0.5,3.0,800.0,1000,150,0.041666666666666664,2,220,11456.637051343918,True,-1.0,The solver successfully reached the end of the integration interval.,True,True,False,31813685
lgb0_mu0.08_a0_b0_amp-0.5_R3_dr0.0416667_quadratic_0_g210,0.0,10.0,0.08,0.0,0.0,0.15,quadratic_0,-0.5,3.0,800.0,1000,150,0.041666666666666664,2,220,643.8344762325287,False,40.83655644398859,Required step size is less than spacing between numbers.,True,True,False,1667237
lgb0_mu0.08_a0_b0_amp-0.5_R3_dr0.0416667_quadratic_0_g212,0.0,12.0,0.08,0.0,0.0,0.15,quadratic_0,-0.5,3.0,800.0,1000,150,0.041666666666666664,2,220,643.6476414203644,False,41.12611943088022,Required step size is less than spacing between numbers.,True,True,False,1667237
lgb0_mu0.08_a0_b0_amp-0.5_R3_dr0.0416667_quadratic_0_g22,0.0,2.0,0.08,0.0,0.0,0.15,quadratic_0,-0.5,3.0,800.0,1000,150,0.041666666666666664,2,220,864.9195175170898,False,52.45304003953587,Required step size is less than spacing between numbers.,True,True,False,2112437
lgb0_mu0.08_a0_b0_amp-0.5_R3_dr0.0416667_quadratic_0_g24,0.0,4.0,0.08,0.0,0.0,0.15,quadratic_0,-0.5,3.0,800.0,1000,150,0.041666666666666664,2,220,670.0631892681122,False,42.40235600693352,Required step size is less than spacing between numbers.,True,True,False,1730837
lgb0_mu0.08_a0_b0_amp-0.5_R3_dr0.0416667_quadratic_0_g28,0.0,8.0,0.08,0.0,0.0,0.15,quadratic_0,-0.5,3.0,800.0,1000,150,0.041666666666666664,2,220,642.9325532913208,False,41.00352069020822,Required step size is less than spacing between numbers.,True,True,False,1667237
lgb1.0_mu0.08_a0.0_b0.0_amp-0.02_R3.0_dr0.041666666666666664_linear,1.0,,0.08,0.0,0.0,0.15,linear,-0.02,3.0,800.0,1000,150,0.041666666666666664,2,220,14720.28576040268,True,-1.0,The solver successfully reached the end of the integration interval.,True,True,False,31813421
lgb1.0_mu0.08_a0.0_b0.0_amp-0.02_R3.0_dr0.041666666666666664_quadratic_0,1.0,,0.08,0.0,0.0,0.15,quadratic_0,-0.02,3.0,800.0,1000,150,0.041666666666666664,2,220,14068.810711860657,True,-1.0,The solver successfully reached the end of the integration interval.,True,True,True,90572129
lgb1.0_mu0.08_a0.0_b0.0_amp-0.02_R3.0_dr0.0625_linear,1.0,,0.08,0.0,0.0,0.15,linear,-0.02,3.0,800.0,1000,150,0.0625,2,216,12698.076309919357,True,-1.0,The solver successfully reached the end of the integration interval.,True,True,False,31237357
lgb1.0_mu0.08_a0.0_b0.0_amp-0.05_R3.0_dr0.041666666666666664_quadratic_0,1.0,,0.08,0.0,0.0,0.15,quadratic_0,-0.05,3.0,800.0,1000,150,0.041666666666666664,2,220,14220.694049358368,True,-1.0,The solver successfully reached the end of the integration interval.,True,True,False,31813441
lgb1.0_mu0.08_a0.0_b0.0_amp-0.1_R3.0_dr0.041666666666666664_quadratic_0,1.0,,0.08,0.0,0.0,0.15,quadratic_0,-0.1,3.0,800.0,1000,150,0.041666666666666664,2,220,14369.930775880814,True,-1.0,The solver successfully reached the end of the integration interval.,True,True,False,31813441
lgb1.0_mu0.08_a0.0_b0.0_amp-0.5_R3.0_dr0.041666666666666664_quadratic_0,1.0,,0.08,0.0,0.0,0.15,quadratic_0,-0.5,3.0,800.0,1000,150,0.041666666666666664,2,220,15006.693370103836,True,-1.0,The solver successfully reached the end of the integration interval.,True,True,False,31813441
lgb1.0_mu0.08_a0.0_b0.0_amp-1.0_R3.0_dr0.041666666666666664_quadratic_0,1.0,,0.08,0.0,0.0,0.15,quadratic_0,-1.0,3.0,800.0,1000,150,0.041666666666666664,2,220,86.61431956291199,False,0.7024314299051603,Required step size is less than spacing between numbers.,True,True,False,45193
lgb1.0_mu0.08_a0.1_b0.2_amp-0.02_R3.0_dr0.03125_quadratic_0,1.0,,0.08,0.1,0.2,0.15,quadratic_0,-0.02,3.0,800.0,1000,150,0.03125,2,222,22366.566056489944,True,-1.0,The solver successfully reached the end of the integration interval.,True,True,False,32101473
lgb1.0_mu0.08_a0.1_b0.2_amp-0.02_R3.0_dr0.041666666666666664_quadratic_0,1.0,,0.08,0.1,0.2,0.15,quadratic_0,-0.02,3.0,800.0,1000,150,0.041666666666666664,2,220,14019.160505771637,True,-1.0,The solver successfully reached the end of the integration interval.,True,True,False,31813441
lgb1.0_mu0.08_a0.2_b0.4_amp-0.02_R3.0_dr0.03125_quadratic_0,1.0,,0.08,0.2,0.4,0.15,quadratic_0,-0.02,3.0,800.0,1000,150,0.03125,2,222,20160.25227713585,True,-1.0,The solver successfully reached the end of the integration interval.,True,True,False,32101473
lgb1.0_mu0.08_a0.2_b0.4_amp-0.02_R3.0_dr0.041666666666666664_quadratic_0,1.0,,0.08,0.2,0.4,0.15,quadratic_0,-0.02,3.0,800.0,1000,150,0.041666666666666664,2,220,18864.329969406128,True,-1.0,The solver successfully reached the end of the integration interval.,True,True,False,31813441
lgb1.0_mu0.08_a0.2_b0.4_amp-0.02_R3_dr0.0625,1.0,1.0,0.08,0.2,0.4,0.15,quadratic,-0.02,3,800.0,1000,150,0.0625,2,216,478.44870805740356,False,20.934758204589574,Required step size is less than spacing between numbers.,True,True,False,856613
lgb1.0_mu0.08_a0.2_b0.4_amp-0.02_R3_dr0.0625_linear,1.0,,0.08,0.2,0.4,0.15,linear,-0.02,3,800.0,1000,150,0.0625,2,216,9724.759243011475,True,-1.0,The solver successfully reached the end of the integration interval.,True,True,False,31237357
lgb1.0_mu0.08_a0.2_b0.4_amp-0.02_R3_dr0.0625_quadratic_0,1.0,,0.08,0.2,0.4,0.15,quadratic_0,-0.02,3,800.0,1000,150,0.0625,2,216,9055.65427851677,True,-1.0,The solver successfully reached the end of the integration interval.,True,True,False,31237377
lgb1.0_mu0.08_a0.2_b0.4_amp-0.02_R3_dr0.0625_quadratic_50,1.0,,0.08,0.2,0.4,0.15,quadratic_50,-0.02,3,800.0,1000,150,0.0625,2,216,9552.935870885849,True,-1.0,The solver successfully reached the end of the integration interval.,True,True,False,27780883
lgb1.0_mu0.08_a0.2_b0.4_amp-0.05_R3_dr0.0625_quadratic_0,1.0,,0.08,0.2,0.4,0.15,quadratic_0,-0.05,3,800.0,1000,150,0.0625,2,216,10588.799582242966,True,-1.0,The solver successfully reached the end of the integration interval.,True,True,False,31237377
lgb10.0_mu0.08_a0.2_b0.4_amp-0.02_R3_dr0.0625,10.0,,0.08,0.2,0.4,0.15,quadratic,-0.02,3,800.0,1000,150,0.0625,2,216,10025.039473295212,,,The solver successfully reached the end of the integration interval.,True,True,False,27780356
lgb10.0_mu0.08_a0.2_b0.4_amp-0.02_R3_dr0.0625_linear,10.0,,0.08,0.2,0.4,0.15,linear,-0.02,3,800.0,1000,150,0.0625,2,216,282.0267024040222,False,2.1872677244772407,Required step size is less than spacing between numbers.,True,True,False,107517
lgb10.0_mu0.08_a0.2_b0.4_amp-0.02_R3_dr0.0625_quadratic_0,10.0,,0.08,0.2,0.4,0.15,quadratic_0,-0.02,3,800.0,1000,150,0.0625,2,216,10640.52366065979,True,-1.0,The solver successfully reached the end of the integration interval.,True,True,False,31237377
lgb10.0_mu0.08_a0.2_b0.4_amp-0.02_R3_dr0.0625_quadratic_10,10.0,,0.08,0.2,0.4,0.15,quadratic_10,-0.02,3,800.0,1000,150,0.0625,2,216,9721.590657711029,True,-1.0,The solver successfully reached the end of the integration interval.,True,True,False,31237381
lgb10.0_mu0.08_a0.2_b0.4_amp-0.05_R3_dr0.0625_quadratic_0,10.0,,0.08,0.2,0.4,0.15,quadratic_0,-0.05,3,800.0,1000,150,0.0625,2,216,252.1499617099762,False,3.7110877489818757,Required step size is less than spacing between numbers.,True,True,False,169449
lgb10_mu0.08_a0_b0_amp-0.02_R3_dr0.0416667_quadratic_0_g20,10.0,0.0,0.08,0.0,0.0,0.15,quadratic_0,-0.02,3.0,800.0,1000,150,0.041666666666666664,2,220,11725.831318855286,True,-1.0,The solver successfully reached the end of the integration interval.,True,True,True,90588861
lgb10_mu0.08_a0_b0_amp-0.02_R3_dr0.0416667_quadratic_0_g20_rmax100,10.0,0.0,0.08,0.0,0.0,0.15,quadratic_0,-0.02,3.0,800.0,1000,100.0,0.041666666666666664,2,148,8147.45982837677,True,-1.0,The solver successfully reached the end of the integration interval.,True,True,True,60995393
lgb10_mu0.08_a0_b0_amp-0.02_R3_dr0.0416667_quadratic_0_g210,10.0,10.0,0.08,0.0,0.0,0.15,quadratic_0,-0.02,3.0,800.0,1000,150,0.041666666666666664,2,220,12335.13172507286,True,-1.0,The solver successfully reached the end of the integration interval.,True,True,True,90588861
lgb10_mu0.08_a0_b0_amp-0.02_R3_dr0.0416667_quadratic_0_g212,10.0,12.0,0.08,0.0,0.0,0.15,quadratic_0,-0.02,3.0,800.0,1000,150,0.041666666666666664,2,220,11410.771390199661,True,-1.0,The solver successfully reached the end of the integration interval.,True,True,False,31830173
lgb10_mu0.08_a0_b0_amp-0.02_R3_dr0.0416667_quadratic_0_g214,10.0,14.0,0.08,0.0,0.0,0.15,quadratic_0,-0.02,3.0,800.0,1000,150,0.041666666666666664,2,220,12167.568469524384,True,-1.0,The solver successfully reached the end of the integration interval.,True,True,False,31830173
lgb10_mu0.08_a0_b0_amp-0.02_R3_dr0.0416667_quadratic_0_g216,10.0,16.0,0.08,0.0,0.0,0.15,quadratic_0,-0.02,3.0,800.0,1000,150,0.041666666666666664,2,220,11370.8881919384,True,-1.0,The solver successfully reached the end of the integration interval.,True,True,False,31830173
lgb10_mu0.08_a0_b0_amp-0.02_R3_dr0.0416667_quadratic_0_g218,10.0,18.0,0.08,0.0,0.0,0.15,quadratic_0,-0.02,3.0,800.0,1000,150,0.041666666666666664,2,220,11377.692154884338,True,-1.0,The solver successfully reached the end of the integration interval.,True,True,False,31830173
lgb10_mu0.08_a0_b0_amp-0.02_R3_dr0.0416667_quadratic_0_g22,10.0,2.0,0.08,0.0,0.0,0.15,quadratic_0,-0.02,3.0,800.0,1000,150,0.041666666666666664,2,220,11624.562955856323,True,-1.0,The solver successfully reached the end of the integration interval.,True,True,False,31813685
lgb10_mu0.08_a0_b0_amp-0.02_R3_dr0.0416667_quadratic_0_g220,10.0,20.0,0.08,0.0,0.0,0.15,quadratic_0,-0.02,3.0,800.0,1000,150,0.041666666666666664,2,220,11372.8992562294,True,-1.0,The solver successfully reached the end of the integration interval.,True,True,False,31830173
lgb10_mu0.08_a0_b0_amp-0.02_R3_dr0.0416667_quadratic_0_g24,10.0,4.0,0.08,0.0,0.0,0.15,quadratic_0,-0.02,3.0,800.0,1000,150,0.041666666666666664,2,220,11433.973210334778,True,-1.0,The solver successfully reached the end of the integration interval.,True,True,True,90572373
lgb10_mu0.08_a0_b0_amp-0.02_R3_dr0.0416667_quadratic_0_g26,10.0,6.0,0.08,0.0,0.0,0.15,quadratic_0,-0.02,3.0,800.0,1000,150,0.041666666666666664,2,220,159.2906322479248,False,7.475042514543782,Required step size is less than spacing between numbers.,True,True,True,930453
lgb10_mu0.08_a0_b0_amp-0.02_R3_dr0.0416667_quadratic_0_g28,10.0,8.0,0.08,0.0,0.0,0.15,quadratic_0,-0.02,3.0,800.0,1000,150,0.041666666666666664,2,220,11413.149681329727,True,-1.0,The solver successfully reached the end of the integration interval.,True,True,True,90572373
lgb10_mu0.08_a0_b0_amp-0.02_R3_dr0.0416667_quadratic_0_g29,10.0,9.0,0.08,0.0,0.0,0.15,quadratic_0,-0.02,3.0,800.0,1000,150,0.041666666666666664,2,220,11465.812923908234,True,-1.0,The solver successfully reached the end of the integration interval.,True,True,True,90572373
lgb11.0_mu0.08_a0.2_b0.4_amp-0.02_R3_dr0.0625_quadratic_0,11.0,,0.08,0.2,0.4,0.15,quadratic_0,-0.02,3,800.0,1000,150,0.0625,2,216,12369.21126794815,True,-1.0,The solver successfully reached the end of the integration interval.,True,True,False,31237377
lgb11.0_mu0.08_a0.2_b0.4_amp-0.05_R3_dr0.0625_quadratic_0,11.0,,0.08,0.2,0.4,0.15,quadratic_0,-0.05,3,800.0,1000,150,0.0625,2,216,1180.1666553020477,False,3.895896230087379,Required step size is less than spacing between numbers.,True,True,False,169449
lgb11_mu0.08_a0_b0_amp-0.02_R3_dr0.0416667_quadratic_0_g20,11.0,0.0,0.08,0.0,0.0,0.15,quadratic_0,-0.02,3.0,800.0,1000,150,0.041666666666666664,2,220,11380.780772924423,True,-1.0,The solver successfully reached the end of the integration interval.,True,True,True,90572373
lgb11_mu0.08_a0_b0_amp-0.02_R3_dr0.0416667_quadratic_0_rampOn_g20,11.0,0.0,0.08,0.0,0.0,0.15,quadratic_0_rampOn,-0.02,3.0,800.0,1000,150,0.041666666666666664,2,220,4834.742477655411,False,333.36037386193453,Required step size is less than spacing between numbers.,True,True,False,13274265
lgb12.0_mu0.08_a0.2_b0.4_amp-0.02_R3_dr0.0625_quadratic_0,12.0,,0.08,0.2,0.4,0.15,quadratic_0,-0.02,3,800.0,1000,150,0.0625,2,216,10864.300226449966,True,-1.0,The solver successfully reached the end of the integration interval.,True,True,False,31237377
lgb12.0_mu0.08_a0.2_b0.4_amp-0.05_R3_dr0.0625_quadratic_0,12.0,,0.08,0.2,0.4,0.15,quadratic_0,-0.05,3,800.0,1000,150,0.0625,2,216,728.4653995037079,False,3.8363687254472483,Required step size is less than spacing between numbers.,True,True,False,169449
lgb12_mu0.08_a0_b0_amp-0.02_R3_dr0.0416667_quadratic_0_g20,12.0,0.0,0.08,0.0,0.0,0.15,quadratic_0,-0.02,3.0,800.0,1000,150,0.041666666666666664,2,220,234.69964170455933,False,3.5775191382304254,Required step size is less than spacing between numbers.,True,True,True,477065
lgb12_mu0.08_a0_b0_amp-0.02_R3_dr0.0416667_quadratic_0_g212,12.0,12.0,0.08,0.0,0.0,0.15,quadratic_0,-0.02,3.0,800.0,1000,150,0.041666666666666664,2,220,449.3869776725769,False,3.5681528147529096,Required step size is less than spacing between numbers.,True,True,False,172637
lgb12_mu0.08_a0_b0_amp-0.02_R3_dr0.0416667_quadratic_0_g216,12.0,16.0,0.08,0.0,0.0,0.15,quadratic_0,-0.02,3.0,800.0,1000,150,0.041666666666666664,2,220,1281.6536557674408,False,3.468411565662292,Required step size is less than spacing between numbers.,True,True,False,172637
lgb12_mu0.08_a0_b0_amp-0.02_R3_dr0.0416667_quadratic_0_g220,12.0,20.0,0.08,0.0,0.0,0.15,quadratic_0,-0.02,3.0,800.0,1000,150,0.041666666666666664,2,220,165.96918606758118,False,3.2965919437224582,Required step size is less than spacing between numbers.,True,True,False,172637
lgb12_mu0.08_a0_b0_amp-0.02_R3_dr0.0416667_quadratic_0_g24,12.0,4.0,0.08,0.0,0.0,0.15,quadratic_0,-0.02,3.0,800.0,1000,150,0.041666666666666664,2,220,222.9065911769867,False,3.4663847724651435,Required step size is less than spacing between numbers.,True,True,False,172637
lgb12_mu0.08_a0_b0_amp-0.02_R3_dr0.0416667_quadratic_0_g28,12.0,8.0,0.08,0.0,0.0,0.15,quadratic_0,-0.02,3.0,800.0,1000,150,0.041666666666666664,2,220,152.0885887145996,False,3.506905778500943,Required step size is less than spacing between numbers.,True,True,False,172637
lgb12_mu0.08_a0_b0_amp-0.02_R3_dr0.0416667_quadratic_0_rampOn_g20,12.0,0.0,0.08,0.0,0.0,0.15,quadratic_0_rampOn,-0.02,3.0,800.0,1000,150,0.041666666666666664,2,220,5151.253973007202,False,334.0593437995902,Required step size is less than spacing between numbers.,True,True,True,37873417
lgb13.0_mu0.08_a0.2_b0.4_amp-0.02_R3_dr0.0625_quadratic_0,13.0,,0.08,0.2,0.4,0.15,quadratic_0,-0.02,3,800.0,1000,150,0.0625,2,216,182.696711063385,False,3.7894965986768177,Required step size is less than spacing between numbers.,True,True,False,169449
lgb13.0_mu0.08_a0.2_b0.4_amp-0.05_R3_dr0.0625_quadratic_0,13.0,,0.08,0.2,0.4,0.15,quadratic_0,-0.05,3,800.0,1000,150,0.0625,2,216,379.83360481262207,False,3.7192886163331953,Required step size is less than spacing between numbers.,True,True,False,169449
lgb13_mu0.08_a0_b0_amp-0.02_R3_dr0.0416667_quadratic_0_rampOn_g20,13.0,0.0,0.08,0.0,0.0,0.15,quadratic_0_rampOn,-0.02,3.0,800.0,1000,150,0.041666666666666664,2,220,4752.743723630905,False,331.22545536973297,Required step size is less than spacing between numbers.,True,True,False,13210665
lgb14.0_mu0.08_a0.2_b0.4_amp-0.02_R3_dr0.0625_quadratic_0,14.0,,0.08,0.2,0.4,0.15,quadratic_0,-0.02,3,800.0,1000,150,0.0625,2,216,153.3471314907074,False,3.493859021912811,Required step size is less than spacing between numbers.,True,True,False,169449
lgb14.0_mu0.08_a0.2_b0.4_amp-0.05_R3_dr0.0625_quadratic_0,14.0,,0.08,0.2,0.4,0.15,quadratic_0,-0.05,3,800.0,1000,150,0.0625,2,216,211.09549951553345,False,3.4927868986341157,Required step size is less than spacing between numbers.,True,True,False,169449
lgb14_mu0.08_a0_b0_amp-0.02_R3_dr0.0416667_quadratic_0_rampOn_g20,14.0,0.0,0.08,0.0,0.0,0.15,quadratic_0_rampOn,-0.02,3.0,800.0,1000,150,0.041666666666666664,2,220,4764.493074893951,False,331.20862911707445,Required step size is less than spacing between numbers.,True,True,False,13210665
lgb15.0_mu0.08_a0.2_b0.4_amp-0.02_R3_dr0.0625_quadratic_0,15.0,,0.08,0.2,0.4,0.15,quadratic_0,-0.02,3,800.0,1000,150,0.0625,2,216,180.683256149292,False,3.5002873417553326,Required step size is less than spacing between numbers.,True,True,False,169449
lgb15.0_mu0.08_a0.2_b0.4_amp-0.02_R3_dr0.0625_quadratic_10,15.0,,0.08,0.2,0.4,0.15,quadratic_10,-0.02,3,800.0,1000,150,0.0625,2,216,189.7132453918457,False,3.5418037089113072,Required step size is less than spacing between numbers.,True,True,False,151675
lgb15.0_mu0.08_a0.2_b0.4_amp-0.05_R3_dr0.0625_quadratic_0,15.0,,0.08,0.2,0.4,0.15,quadratic_0,-0.05,3,800.0,1000,150,0.0625,2,216,465.5013530254364,False,3.2831962848007636,Required step size is less than spacing between numbers.,True,True,False,169449
lgb15_mu0.08_a0_b0_amp-0.02_R3_dr0.0416667_quadratic_0_rampOn_g20,15.0,0.0,0.08,0.0,0.0,0.15,quadratic_0_rampOn,-0.02,3.0,800.0,1000,150,0.041666666666666664,2,220,4767.473431348801,False,330.9719449250651,Required step size is less than spacing between numbers.,True,True,True,37511225
lgb16.0_mu0.08_a0.2_b0.4_amp-0.02_R3_dr0.0625_quadratic_0,16.0,,0.08,0.2,0.4,0.15,quadratic_0,-0.02,3,800.0,1000,150,0.0625,2,216,1078.6614339351654,False,3.79162885800363,Required step size is less than spacing between numbers.,True,True,False,169449
lgb16_mu0.08_a0_b0_amp-0.02_R3_dr0.0416667_quadratic_0_g20,16.0,0.0,0.08,0.0,0.0,0.15,quadratic_0,-0.02,3.0,800.0,1000,150,0.041666666666666664,2,220,612.4985253810883,False,3.3448398589926613,Required step size is less than spacing between numbers.,True,True,False,172637
lgb16_mu0.08_a0_b0_amp-0.02_R3_dr0.0416667_quadratic_0_g212,16.0,12.0,0.08,0.0,0.0,0.15,quadratic_0,-0.02,3.0,800.0,1000,150,0.041666666666666664,2,220,660.6953818798065,False,3.4736950424207014,Required step size is less than spacing between numbers.,True,True,False,172637
lgb16_mu0.08_a0_b0_amp-0.02_R3_dr0.0416667_quadratic_0_g216,16.0,16.0,0.08,0.0,0.0,0.15,quadratic_0,-0.02,3.0,800.0,1000,150,0.041666666666666664,2,220,371.2174527645111,False,3.3696920134443253,Required step size is less than spacing between numbers.,True,True,False,172637
lgb16_mu0.08_a0_b0_amp-0.02_R3_dr0.0416667_quadratic_0_g220,16.0,20.0,0.08,0.0,0.0,0.15,quadratic_0,-0.02,3.0,800.0,1000,150,0.041666666666666664,2,220,541.5313160419464,False,3.6350208029988393,Required step size is less than spacing between numbers.,True,True,False,172637
lgb16_mu0.08_a0_b0_amp-0.02_R3_dr0.0416667_quadratic_0_g24,16.0,4.0,0.08,0.0,0.0,0.15,quadratic_0,-0.02,3.0,800.0,1000,150,0.041666666666666664,2,220,363.1588764190674,False,3.3872313799148928,Required step size is less than spacing between numbers.,True,True,False,172637
lgb16_mu0.08_a0_b0_amp-0.02_R3_dr0.0416667_quadratic_0_g28,16.0,8.0,0.08,0.0,0.0,0.15,quadratic_0,-0.02,3.0,800.0,1000,150,0.041666666666666664,2,220,1838.3303170204163,False,3.5228096303664764,Required step size is less than spacing between numbers.,True,True,False,172637
lgb16_mu0.08_a0_b0_amp-0.02_R3_dr0.0416667_quadratic_0_rampOn_g20,16.0,0.0,0.08,0.0,0.0,0.15,quadratic_0_rampOn,-0.02,3.0,800.0,1000,150,0.041666666666666664,2,220,4865.286114692688,False,327.69260259832424,Required step size is less than spacing between numbers.,True,True,False,13051665
lgb17.0_mu0.08_a0.2_b0.4_amp-0.02_R3_dr0.0625_quadratic_0,17.0,,0.08,0.2,0.4,0.15,quadratic_0,-0.02,3,800.0,1000,150,0.0625,2,216,429.3438198566437,False,3.437584428427376,Required step size is less than spacing between numbers.,True,True,False,169449
lgb17_mu0.08_a0_b0_amp-0.02_R3_dr0.0416667_quadratic_0_rampOn_g20,17.0,0.0,0.08,0.0,0.0,0.15,quadratic_0_rampOn,-0.02,3.0,800.0,1000,150,0.041666666666666664,2,220,4778.842277288437,False,324.52355364484316,Required step size is less than spacing between numbers.,True,True,False,12924465
lgb18.0_mu0.08_a0.2_b0.4_amp-0.02_R3_dr0.0625_quadratic_0,18.0,,0.08,0.2,0.4,0.15,quadratic_0,-0.02,3,800.0,1000,150,0.0625,2,216,293.15113830566406,False,3.62516090392102,Required step size is less than spacing between numbers.,True,True,False,169449
lgb18_mu0.08_a0_b0_amp-0.02_R3_dr0.0416667_quadratic_0_rampOn_g20,18.0,0.0,0.08,0.0,0.0,0.15,quadratic_0_rampOn,-0.02,3.0,800.0,1000,150,0.041666666666666664,2,220,4689.661731481552,False,324.3644484460119,Required step size is less than spacing between numbers.,True,True,False,12924465
lgb19.0_mu0.08_a0.2_b0.4_amp-0.02_R3_dr0.0625_quadratic_0,19.0,,0.08,0.2,0.4,0.15,quadratic_0,-0.02,3,800.0,1000,150,0.0625,2,216,586.7886981964111,False,3.4340232215237565,Required step size is less than spacing between numbers.,True,True,False,169449
lgb19_mu0.08_a0_b0_amp-0.02_R3_dr0.0416667_quadratic_0_rampOn_g20,19.0,0.0,0.08,0.0,0.0,0.15,quadratic_0_rampOn,-0.02,3.0,800.0,1000,150,0.041666666666666664,2,220,4880.982186555862,False,324.53911352363883,Required step size is less than spacing between numbers.,True,True,False,12924465
lgb1_mu0.08_a0_b0_amp-0.02_R3_dr0.0416667_quadratic_0_g220,1.0,20.0,0.08,0.0,0.0,0.15,quadratic_0,-0.02,3,800.0,1000,150,0.041666666666666664,2,220,17649.91179537773,True,-1.0,The solver successfully reached the end of the integration interval.,True,True,True,69451869
lgb2.0_mu0.08_a0.0_b0.0_amp-0.02_R3.0_dr0.041666666666666664_linear,2.0,,0.08,0.0,0.0,0.15,linear,-0.02,3.0,800.0,1000,150,0.041666666666666664,2,220,14714.951118946075,True,-1.0,The solver successfully reached the end of the integration interval.,True,True,False,31813421
lgb2.0_mu0.08_a0.0_b0.0_amp-0.02_R3.0_dr0.041666666666666664_quadratic_0,2.0,,0.08,0.0,0.0,0.15,quadratic_0,-0.02,3.0,800.0,1000,150,0.041666666666666664,2,220,14055.375411510468,True,-1.0,The solver successfully reached the end of the integration interval.,True,True,True,90588617
lgb2.0_mu0.08_a0.0_b0.0_amp-0.02_R3.0_dr0.0625_linear,2.0,,0.08,0.0,0.0,0.15,linear,-0.02,3.0,800.0,1000,150,0.0625,2,216,12694.128700256348,True,-1.0,The solver successfully reached the end of the integration interval.,True,True,False,31237357
lgb2.0_mu0.08_a0.0_b0.0_amp-0.05_R3.0_dr0.041666666666666664_quadratic_0,2.0,,0.08,0.0,0.0,0.15,quadratic_0,-0.05,3.0,800.0,1000,150,0.041666666666666664,2,220,14205.465649366379,True,-1.0,The solver successfully reached the end of the integration interval.,True,True,True,90572129
lgb2.0_mu0.08_a0.0_b0.0_amp-0.1_R3.0_dr0.041666666666666664_quadratic_0,2.0,,0.08,0.0,0.0,0.15,quadratic_0,-0.1,3.0,800.0,1000,150,0.041666666666666664,2,220,15216.027312040329,True,-1.0,The solver successfully reached the end of the integration interval.,True,True,False,31813441
lgb2.0_mu0.08_a0.0_b0.0_amp-0.5_R3.0_dr0.041666666666666664_quadratic_0,2.0,,0.08,0.0,0.0,0.15,quadratic_0,-0.5,3.0,800.0,1000,150,0.041666666666666664,2,220,94.619056224823,False,0.974068464809161,Required step size is less than spacing between numbers.,True,True,False,76993
lgb2.0_mu0.08_a0.0_b0.0_amp-1.0_R3.0_dr0.041666666666666664_quadratic_0,2.0,,0.08,0.0,0.0,0.15,quadratic_0,-1.0,3.0,800.0,1000,150,0.041666666666666664,2,220,1133.0298957824707,False,0.252551594564214,Required step size is less than spacing between numbers.,True,True,False,45193
lgb2.0_mu0.08_a0.1_b0.2_amp-0.02_R3.0_dr0.03125_quadratic_0,2.0,,0.08,0.1,0.2,0.15,quadratic_0,-0.02,3.0,800.0,1000,150,0.03125,2,222,22343.363404989243,True,-1.0,The solver successfully reached the end of the integration interval.,True,True,False,32101473
lgb2.0_mu0.08_a0.1_b0.2_amp-0.02_R3.0_dr0.041666666666666664_quadratic_0,2.0,,0.08,0.1,0.2,0.15,quadratic_0,-0.02,3.0,800.0,1000,150,0.041666666666666664,2,220,17395.346982240677,True,-1.0,The solver successfully reached the end of the integration interval.,True,True,False,31813441
lgb2.0_mu0.08_a0.2_b0.4_amp-0.02_R3.0_dr0.03125_quadratic_0,2.0,,0.08,0.2,0.4,0.15,quadratic_0,-0.02,3.0,800.0,1000,150,0.03125,2,222,20155.357766628265,True,-1.0,The solver successfully reached the end of the integration interval.,True,True,False,32101473
lgb2.0_mu0.08_a0.2_b0.4_amp-0.02_R3.0_dr0.041666666666666664_quadratic_0,2.0,,0.08,0.2,0.4,0.15,quadratic_0,-0.02,3.0,800.0,1000,150,0.041666666666666664,2,220,16415.430952310562,True,-1.0,The solver successfully reached the end of the integration interval.,True,True,False,31813441
lgb2.0_mu0.08_a0.2_b0.4_amp-0.02_R3_dr0.0625,2.0,0.01,0.08,0.2,0.4,0.15,quadratic,-0.02,3,800.0,1000,150,0.0625,2,216,487.8589332103729,False,20.95545256891531,Required step size is less than spacing between numbers.,True,True,False,856613
lgb2.0_mu0.08_a0.2_b0.4_amp-0.02_R3_dr0.0625_linear,2.0,,0.08,0.2,0.4,0.15,linear,-0.02,3,800.0,1000,150,0.0625,2,216,950.9599618911743,False,3.656013583736306,Required step size is less than spacing between numbers.,True,True,False,169429
lgb2.0_mu0.08_a0.2_b0.4_amp-0.02_R3_dr0.0625_quadratic_0,2.0,,0.08,0.2,0.4,0.15,quadratic_0,-0.02,3,800.0,1000,150,0.0625,2,216,11174.20079946518,True,-1.0,The solver successfully reached the end of the integration interval.,True,True,False,31237377
lgb2.0_mu0.08_a0.2_b0.4_amp-0.02_R3_dr0.0625_quadratic_10,2.0,,0.08,0.2,0.4,0.15,quadratic_10,-0.02,3,800.0,1000,150,0.0625,2,216,10113.711694002151,True,-1.0,The solver successfully reached the end of the integration interval.,True,True,False,27780883
lgb2.0_mu0.08_a0.2_b0.4_amp-0.02_R3_dr0.0625_quadratic_50,2.0,,0.08,0.2,0.4,0.15,quadratic_50,-0.02,3,800.0,1000,150,0.0625,2,216,9905.678091526031,True,-1.0,The solver successfully reached the end of the integration interval.,True,True,False,27780883
lgb2.0_mu0.08_a0.2_b0.4_amp-0.05_R3_dr0.0625_quadratic_0,2.0,,0.08,0.2,0.4,0.15,quadratic_0,-0.05,3,800.0,1000,150,0.0625,2,216,9188.071083784103,True,-1.0,The solver successfully reached the end of the integration interval.,True,True,False,31237377
lgb2.0_mu0.08_a0.2_b0.4_amp-0.05_R3_dr0.0625_quadratic_50,2.0,,0.08,0.2,0.4,0.15,quadratic_50,-0.05,3,800.0,1000,150,0.0625,2,216,9907.937266588211,True,-1.0,The solver successfully reached the end of the integration interval.,True,True,False,27780883
lgb20.0_mu0.04_a0.2_b0.4_amp-0.02_R3_dr0.0625,20.0,,0.04,0.2,0.4,0.15,quadratic,-0.02,3,800.0,1000,150,0.0625,2,216,526.319696187973,False,39.68273797407656,Required step size is less than spacing between numbers.,True,True,False,1401223
lgb20.0_mu0.06_a0.2_b0.4_amp-0.02_R3_dr0.0625,20.0,,0.06,0.2,0.4,0.15,quadratic,-0.02,3,800.0,1000,150,0.0625,2,216,9714.785960435867,True,-1.0,The solver successfully reached the end of the integration interval.,True,True,False,27780871
lgb20.0_mu0.08_a0.2_b0.4_amp-0.02_R3_dr0.0625,20.0,,0.08,0.2,0.4,0.15,quadratic,-0.02,3,1600.0,2000,150,0.0625,2,216,18655.82682609558,True,-1.0,The solver successfully reached the end of the integration interval.,True,True,False,55548871
lgb20.0_mu0.08_a0.2_b0.4_amp-0.02_R3_dr0.0625_quadratic_0,20.0,,0.08,0.2,0.4,0.15,quadratic_0,-0.02,3,800.0,1000,150,0.0625,2,216,447.26494812965393,False,3.4335658070619037,Required step size is less than spacing between numbers.,True,True,False,169449
lgb20.0_mu0.08_a0.2_b0.4_amp-0.02_R3_dr0.0625_quadratic_10,20.0,,0.08,0.2,0.4,0.15,quadratic_10,-0.02,3,800.0,1000,150,0.0625,2,216,239.58077239990234,False,3.2000372523281158,Required step size is less than spacing between numbers.,True,True,False,151675
lgb20_mu0.08_a0_b0_amp-0.02_R3_dr0.0416667_quadratic_0_g20,20.0,0.0,0.08,0.0,0.0,0.15,quadratic_0,-0.02,3.0,800.0,1000,150,0.041666666666666664,2,220,223.67524242401123,False,3.2833302872960832,Required step size is less than spacing between numbers.,True,True,False,172637
lgb20_mu0.08_a0_b0_amp-0.02_R3_dr0.0416667_quadratic_0_g212,,,,,,,,,,,,,,,,,,,,False,False,False,0
lgb20_mu0.08_a0_b0_amp-0.02_R3_dr0.0416667_quadratic_0_g216,20.0,16.0,0.08,0.0,0.0,0.15,quadratic_0,-0.02,3.0,800.0,1000,150,0.041666666666666664,2,220,583.5914468765259,False,3.3370033237247463,Required step size is less than spacing between numbers.,True,True,False,172637
lgb20_mu0.08_a0_b0_amp-0.02_R3_dr0.0416667_quadratic_0_g220,20.0,20.0,0.08,0.0,0.0,0.15,quadratic_0,-0.02,3.0,800.0,1000,150,0.041666666666666664,2,220,314.0193679332733,False,3.4116521712113586,Required step size is less than spacing between numbers.,True,True,False,172637
lgb20_mu0.08_a0_b0_amp-0.02_R3_dr0.0416667_quadratic_0_g24,20.0,4.0,0.08,0.0,0.0,0.15,quadratic_0,-0.02,3.0,800.0,1000,150,0.041666666666666664,2,220,159.0709879398346,False,3.152733504941167,Required step size is less than spacing between numbers.,True,True,False,140837
lgb20_mu0.08_a0_b0_amp-0.02_R3_dr0.0416667_quadratic_0_g28,20.0,8.0,0.08,0.0,0.0,0.15,quadratic_0,-0.02,3.0,800.0,1000,150,0.041666666666666664,2,220,246.92855262756348,False,3.2568844602747813,Required step size is less than spacing between numbers.,True,True,False,172637
lgb20_mu0.08_a0_b0_amp-0.02_R3_dr0.0416667_quadratic_0_rampOn_g20,20.0,0.0,0.08,0.0,0.0,0.15,quadratic_0_rampOn,-0.02,3.0,800.0,1000,150,0.041666666666666664,2,220,16244.007534742355,False,323.49229216482183,Required step size is less than spacing between numbers.,True,True,False,12892665
lgb25.0_mu0.08_a0.2_b0.4_amp-0.02_R3_dr0.0625_quadratic_10,25.0,,0.08,0.2,0.4,0.15,quadratic_10,-0.02,3,800.0,1000,150,0.0625,2,216,905.5875761508942,False,3.633579535943171,Required step size is less than spacing between numbers.,True,True,False,151675
lgb2_mu0.08_a0_b0_amp-0.02_R3_dr0.0416667_quadratic_0_g210,2.0,10.0,0.08,0.0,0.0,0.15,quadratic_0,-0.02,3.0,800.0,1000,150,0.041666666666666664,2,220,11479.493357181549,True,-1.0,The solver successfully reached the end of the integration interval.,True,True,False,31813685
lgb2_mu0.08_a0_b0_amp-0.02_R3_dr0.0416667_quadratic_0_g212,2.0,12.0,0.08,0.0,0.0,0.15,quadratic_0,-0.02,3.0,800.0,1000,150,0.041666666666666664,2,220,11498.800440073013,True,-1.0,The solver successfully reached the end of the integration interval.,True,True,False,31813685
lgb2_mu0.08_a0_b0_amp-0.02_R3_dr0.0416667_quadratic_0_g214,2.0,14.0,0.08,0.0,0.0,0.15,quadratic_0,-0.02,3.0,800.0,1000,150,0.041666666666666664,2,220,11501.195949792862,True,-1.0,The solver successfully reached the end of the integration interval.,True,True,False,31813685
lgb2_mu0.08_a0_b0_amp-0.02_R3_dr0.0416667_quadratic_0_g216,2.0,16.0,0.08,0.0,0.0,0.15,quadratic_0,-0.02,3.0,800.0,1000,150,0.041666666666666664,2,220,11490.933997154236,True,-1.0,The solver successfully reached the end of the integration interval.,True,True,False,31813685
lgb2_mu0.08_a0_b0_amp-0.02_R3_dr0.0416667_quadratic_0_g218,2.0,18.0,0.08,0.0,0.0,0.15,quadratic_0,-0.02,3.0,800.0,1000,150,0.041666666666666664,2,220,11451.319210290909,True,-1.0,The solver successfully reached the end of the integration interval.,True,True,False,31813685
lgb2_mu0.08_a0_b0_amp-0.02_R3_dr0.0416667_quadratic_0_g22,2.0,2.0,0.08,0.0,0.0,0.15,quadratic_0,-0.02,3.0,800.0,1000,150,0.041666666666666664,2,220,11482.099130153656,True,-1.0,The solver successfully reached the end of the integration interval.,True,True,False,31813685
lgb2_mu0.08_a0_b0_amp-0.02_R3_dr0.0416667_quadratic_0_g220,2.0,20.0,0.08,0.0,0.0,0.15,quadratic_0,-0.02,3,800.0,1000,150,0.041666666666666664,2,220,16243.878893852234,True,-1.0,The solver successfully reached the end of the integration interval.,True,True,True,69451869
lgb2_mu0.08_a0_b0_amp-0.02_R3_dr0.0416667_quadratic_0_g24,2.0,4.0,0.08,0.0,0.0,0.15,quadratic_0,-0.02,3.0,800.0,1000,150,0.041666666666666664,2,220,11507.489364147186,True,-1.0,The solver successfully reached the end of the integration interval.,True,True,False,31813685
lgb2_mu0.08_a0_b0_amp-0.02_R3_dr0.0416667_quadratic_0_g26,2.0,6.0,0.08,0.0,0.0,0.15,quadratic_0,-0.02,3.0,800.0,1000,150,0.041666666666666664,2,220,11430.291410684586,True,-1.0,The solver successfully reached the end of the integration interval.,True,True,False,31813685
lgb2_mu0.08_a0_b0_amp-0.02_R3_dr0.0416667_quadratic_0_g28,2.0,8.0,0.08,0.0,0.0,0.15,quadratic_0,-0.02,3.0,800.0,1000,150,0.041666666666666664,2,220,11464.80839395523,True,-1.0,The solver successfully reached the end of the integration interval.,True,True,False,31813685
lgb2_mu0.08_a0_b0_amp-0.1_R3_dr0.0416667_quadratic_0_g20,2.0,0.0,0.08,0.0,0.0,0.15,quadratic_0,-0.1,3.0,800.0,1000,150,0.041666666666666664,2,220,11408.22648358345,True,-1.0,The solver successfully reached the end of the integration interval.,True,True,True,90572373
lgb2_mu0.08_a0_b0_amp-0.5_R3_dr0.0416667_quadratic_0_g20,2.0,0.0,0.08,0.0,0.0,0.15,quadratic_0,-0.5,3.0,800.0,1000,150,0.041666666666666664,2,220,911.4490451812744,False,0.21475725150015199,Required step size is less than spacing between numbers.,True,True,False,45437
lgb3.0_mu0.08_a0.0_b0.0_amp-0.02_R3.0_dr0.041666666666666664_linear,3.0,,0.08,0.0,0.0,0.15,linear,-0.02,3.0,800.0,1000,150,0.041666666666666664,2,220,14715.72019290924,True,-1.0,The solver successfully reached the end of the integration interval.,True,True,False,31813421
lgb3.0_mu0.08_a0.0_b0.0_amp-0.02_R3.0_dr0.041666666666666664_quadratic_0,3.0,,0.08,0.0,0.0,0.15,quadratic_0,-0.02,3.0,800.0,1000,150,0.041666666666666664,2,220,13871.560711860657,True,-1.0,The solver successfully reached the end of the integration interval.,True,True,True,90572129
lgb3.0_mu0.08_a0.0_b0.0_amp-0.05_R3.0_dr0.041666666666666664_quadratic_0,3.0,,0.08,0.0,0.0,0.15,quadratic_0,-0.05,3.0,800.0,1000,150,0.041666666666666664,2,220,14548.910860061646,True,-1.0,The solver successfully reached the end of the integration interval.,True,True,False,31813441
lgb3.0_mu0.08_a0.0_b0.0_amp-0.1_R3.0_dr0.041666666666666664_quadratic_0,3.0,,0.08,0.0,0.0,0.15,quadratic_0,-0.1,3.0,800.0,1000,150,0.041666666666666664,2,220,14602.665613174438,True,-1.0,The solver successfully reached the end of the integration interval.,True,True,False,31813441
lgb3.0_mu0.08_a0.0_b0.0_amp-0.5_R3.0_dr0.041666666666666664_quadratic_0,3.0,,0.08,0.0,0.0,0.15,quadratic_0,-0.5,3.0,800.0,1000,150,0.041666666666666664,2,220,68.01684331893921,False,0.7643450174455864,Required step size is less than spacing between numbers.,True,True,False,45193
lgb3.0_mu0.08_a0.0_b0.0_amp-1.0_R3.0_dr0.041666666666666664_quadratic_0,3.0,,0.08,0.0,0.0,0.15,quadratic_0,-1.0,3.0,800.0,1000,150,0.041666666666666664,2,220,612.4872834682465,False,0.19720256121947474,Required step size is less than spacing between numbers.,True,True,False,45193
lgb3.0_mu0.08_a0.2_b0.4_amp-0.02_R3_dr0.0625,3.0,0.0001,0.08,0.2,0.4,0.15,quadratic,-0.02,3,800.0,1000,150,0.0625,2,216,366.98211789131165,False,20.955847842011423,Required step size is less than spacing between numbers.,True,True,False,856613
lgb3.0_mu0.08_a0.2_b0.4_amp-0.02_R3_dr0.0625_linear,3.0,,0.08,0.2,0.4,0.15,linear,-0.02,3,800.0,1000,150,0.0625,2,216,941.0754907131195,False,3.1726355708883593,Required step size is less than spacing between numbers.,True,True,False,138205
lgb3.0_mu0.08_a0.2_b0.4_amp-0.02_R3_dr0.0625_quadratic_0,3.0,,0.08,0.2,0.4,0.15,quadratic_0,-0.02,3,800.0,1000,150,0.0625,2,216,11173.592119455338,True,-1.0,The solver successfully reached the end of the integration interval.,True,True,False,31237377
lgb3.0_mu0.08_a0.2_b0.4_amp-0.02_R3_dr0.0625_quadratic_50,3.0,,0.08,0.2,0.4,0.15,quadratic_50,-0.02,3,800.0,1000,150,0.0625,2,216,9546.845030784607,True,-1.0,The solver successfully reached the end of the integration interval.,True,True,False,27780883
lgb3.0_mu0.08_a0.2_b0.4_amp-0.05_R3_dr0.0625_quadratic_0,3.0,,0.08,0.2,0.4,0.15,quadratic_0,-0.05,3,800.0,1000,150,0.0625,2,216,9089.887611865997,True,-1.0,The solver successfully reached the end of the integration interval.,True,True,False,31237377
lgb3_mu0.08_a0_b0_amp-0.02_R3_dr0.0416667_quadratic_0_g220,3.0,20.0,0.08,0.0,0.0,0.15,quadratic_0,-0.02,3,800.0,1000,150,0.041666666666666664,2,220,16261.624992609024,True,-1.0,The solver successfully reached the end of the integration interval.,True,True,True,69451869
lgb4.0_mu0.08_a0.0_b0.0_amp-0.02_R3.0_dr0.041666666666666664_linear,4.0,,0.08,0.0,0.0,0.15,linear,-0.02,3.0,800.0,1000,150,0.041666666666666664,2,220,19686.98884320259,True,-1.0,The solver successfully reached the end of the integration interval.,True,True,False,31813421
lgb4.0_mu0.08_a0.0_b0.0_amp-0.02_R3.0_dr0.041666666666666664_quadratic_0,4.0,,0.08,0.0,0.0,0.15,quadratic_0,-0.02,3.0,800.0,1000,150,0.041666666666666664,2,220,16878.425709962845,True,-1.0,The solver successfully reached the end of the integration interval.,True,True,True,90572129
lgb4.0_mu0.08_a0.0_b0.0_amp-0.05_R3.0_dr0.041666666666666664_quadratic_0,4.0,,0.08,0.0,0.0,0.15,quadratic_0,-0.05,3.0,800.0,1000,150,0.041666666666666664,2,220,14892.287536621094,True,-1.0,The solver successfully reached the end of the integration interval.,True,True,False,31813441
lgb4.0_mu0.08_a0.0_b0.0_amp-0.1_R3.0_dr0.041666666666666664_quadratic_0,4.0,,0.08,0.0,0.0,0.15,quadratic_0,-0.1,3.0,800.0,1000,150,0.041666666666666664,2,220,14608.315786838531,True,-1.0,The solver successfully reached the end of the integration interval.,True,True,False,31813441
lgb4.0_mu0.08_a0.0_b0.0_amp-0.5_R3.0_dr0.041666666666666664_quadratic_0,4.0,,0.08,0.0,0.0,0.15,quadratic_0,-0.5,3.0,800.0,1000,150,0.041666666666666664,2,220,70.56545233726501,False,0.766708051206289,Required step size is less than spacing between numbers.,True,True,False,45193
lgb4.0_mu0.08_a0.0_b0.0_amp-1.0_R3.0_dr0.041666666666666664_quadratic_0,4.0,,0.08,0.0,0.0,0.15,quadratic_0,-1.0,3.0,800.0,1000,150,0.041666666666666664,2,220,412.70484137535095,False,0.23593484466664083,Required step size is less than spacing between numbers.,True,True,False,45193
lgb4.0_mu0.08_a0.2_b0.4_amp-0.02_R3_dr0.0625,4.0,,0.08,0.2,0.4,0.15,quadratic,-0.02,3,800.0,1000,150,0.0625,2,216,9722.088598489761,True,-1.0,The solver successfully reached the end of the integration interval.,True,True,False,27780871
lgb4.0_mu0.08_a0.2_b0.4_amp-0.02_R3_dr0.0625_linear,4.0,,0.08,0.2,0.4,0.15,linear,-0.02,3,800.0,1000,150,0.0625,2,216,148.2140896320343,False,3.088389296925658,Required step size is less than spacing between numbers.,True,True,False,138205
lgb4.0_mu0.08_a0.2_b0.4_amp-0.02_R3_dr0.0625_quadratic_0,4.0,,0.08,0.2,0.4,0.15,quadratic_0,-0.02,3,800.0,1000,150,0.0625,2,216,9350.016586065292,True,-1.0,The solver successfully reached the end of the integration interval.,True,True,False,31237377
lgb4.0_mu0.08_a0.2_b0.4_amp-0.02_R3_dr0.0625_quadratic_50,4.0,,0.08,0.2,0.4,0.15,quadratic_50,-0.02,3,800.0,1000,150,0.0625,2,216,10194.825060367584,True,-1.0,The solver successfully reached the end of the integration interval.,True,True,False,27780883
lgb4.0_mu0.08_a0.2_b0.4_amp-0.05_R3_dr0.0625_quadratic_0,4.0,,0.08,0.2,0.4,0.15,quadratic_0,-0.05,3,800.0,1000,150,0.0625,2,216,9098.725638151169,True,-1.0,The solver successfully reached the end of the integration interval.,True,True,False,31237377
lgb4_mu0.08_a0_b0_amp-0.02_R3_dr0.0416667_quadratic_0_g210,4.0,10.0,0.08,0.0,0.0,0.15,quadratic_0,-0.02,3.0,800.0,1000,150,0.041666666666666664,2,220,11503.934331178665,True,-1.0,The solver successfully reached the end of the integration interval.,True,True,False,31813685
lgb4_mu0.08_a0_b0_amp-0.02_R3_dr0.0416667_quadratic_0_g212,4.0,12.0,0.08,0.0,0.0,0.15,quadratic_0,-0.02,3.0,800.0,1000,150,0.041666666666666664,2,220,11676.56280374527,True,-1.0,The solver successfully reached the end of the integration interval.,True,True,False,31813685
lgb4_mu0.08_a0_b0_amp-0.02_R3_dr0.0416667_quadratic_0_g214,4.0,14.0,0.08,0.0,0.0,0.15,quadratic_0,-0.02,3.0,800.0,1000,150,0.041666666666666664,2,220,11474.998907089233,True,-1.0,The solver successfully reached the end of the integration interval.,True,True,False,31813685
lgb4_mu0.08_a0_b0_amp-0.02_R3_dr0.0416667_quadratic_0_g216,4.0,16.0,0.08,0.0,0.0,0.15,quadratic_0,-0.02,3.0,800.0,1000,150,0.041666666666666664,2,220,11732.430945396423,True,-1.0,The solver successfully reached the end of the integration interval.,True,True,False,31813685
lgb4_mu0.08_a0_b0_amp-0.02_R3_dr0.0416667_quadratic_0_g218,4.0,18.0,0.08,0.0,0.0,0.15,quadratic_0,-0.02,3.0,800.0,1000,150,0.041666666666666664,2,220,11340.258022069931,True,-1.0,The solver successfully reached the end of the integration interval.,True,True,False,31813685
lgb4_mu0.08_a0_b0_amp-0.02_R3_dr0.0416667_quadratic_0_g22,4.0,2.0,0.08,0.0,0.0,0.15,quadratic_0,-0.02,3.0,800.0,1000,150,0.041666666666666664,2,220,11458.183892011642,True,-1.0,The solver successfully reached the end of the integration interval.,True,True,False,31813685
lgb4_mu0.08_a0_b0_amp-0.02_R3_dr0.0416667_quadratic_0_g220,4.0,20.0,0.08,0.0,0.0,0.15,quadratic_0,-0.02,3,800.0,1000,150,0.041666666666666664,2,220,14849.980445623398,True,-1.0,The solver successfully reached the end of the integration interval.,True,True,True,69451869
lgb4_mu0.08_a0_b0_amp-0.02_R3_dr0.0416667_quadratic_0_g24,4.0,4.0,0.08,0.0,0.0,0.15,quadratic_0,-0.02,3.0,800.0,1000,150,0.041666666666666664,2,220,11552.228181123734,True,-1.0,The solver successfully reached the end of the integration interval.,True,True,False,31813685
lgb4_mu0.08_a0_b0_amp-0.02_R3_dr0.0416667_quadratic_0_g26,4.0,6.0,0.08,0.0,0.0,0.15,quadratic_0,-0.02,3.0,800.0,1000,150,0.041666666666666664,2,220,11556.431202888489,True,-1.0,The solver successfully reached the end of the integration interval.,True,True,False,31813685
lgb4_mu0.08_a0_b0_amp-0.02_R3_dr0.0416667_quadratic_0_g28,4.0,8.0,0.08,0.0,0.0,0.15,quadratic_0,-0.02,3.0,800.0,1000,150,0.041666666666666664,2,220,11758.140597581863,True,-1.0,The solver successfully reached the end of the integration interval.,True,True,False,31813685
lgb4_mu0.08_a0_b0_amp-0.1_R3_dr0.0416667_quadratic_0_g20,4.0,0.0,0.08,0.0,0.0,0.15,quadratic_0,-0.1,3.0,800.0,1000,150,0.041666666666666664,2,220,11396.71150302887,True,-1.0,The solver successfully reached the end of the integration interval.,True,True,False,31813685
lgb4_mu0.08_a0_b0_amp-0.5_R3_dr0.0416667_quadratic_0_g20,4.0,0.0,0.08,0.0,0.0,0.15,quadratic_0,-0.5,3.0,800.0,1000,150,0.041666666666666664,2,220,252.32408618927002,False,0.11822743999351973,Required step size is less than spacing between numbers.,True,True,False,45437
lgb5.0_mu0.08_a0.0_b0.0_amp-0.02_R3.0_dr0.041666666666666664_linear,5.0,,0.08,0.0,0.0,0.15,linear,-0.02,3.0,800.0,1000,150,0.041666666666666664,2,220,19933.835602521896,True,-1.0,The solver successfully reached the end of the integration interval.,True,True,False,31813421
lgb5.0_mu0.08_a0.0_b0.0_amp-0.02_R3.0_dr0.041666666666666664_quadratic_0,5.0,,0.08,0.0,0.0,0.15,quadratic_0,-0.02,3.0,800.0,1000,150,0.041666666666666664,2,220,14858.330045938492,True,-1.0,The solver successfully reached the end of the integration interval.,True,True,True,90588617
lgb5.0_mu0.08_a0.0_b0.0_amp-0.05_R3.0_dr0.041666666666666664_quadratic_0,5.0,,0.08,0.0,0.0,0.15,quadratic_0,-0.05,3.0,800.0,1000,150,0.041666666666666664,2,220,14836.60695362091,True,-1.0,The solver successfully reached the end of the integration interval.,True,True,True,90572129
lgb5.0_mu0.08_a0.0_b0.0_amp-0.1_R3.0_dr0.041666666666666664_quadratic_0,5.0,,0.08,0.0,0.0,0.15,quadratic_0,-0.1,3.0,800.0,1000,150,0.041666666666666664,2,220,665.1597182750702,False,28.190399969275077,Required step size is less than spacing between numbers.,True,True,True,3283809
lgb5.0_mu0.08_a0.0_b0.0_amp-0.5_R3.0_dr0.041666666666666664_quadratic_0,5.0,,0.08,0.0,0.0,0.15,quadratic_0,-0.5,3.0,800.0,1000,150,0.041666666666666664,2,220,184.4839222431183,False,1.0545932766930262,Required step size is less than spacing between numbers.,True,True,False,76993
lgb5.0_mu0.08_a0.0_b0.0_amp-1.0_R3.0_dr0.041666666666666664_quadratic_0,5.0,,0.08,0.0,0.0,0.15,quadratic_0,-1.0,3.0,800.0,1000,150,0.041666666666666664,2,220,661.8577606678009,False,0.1380314337779231,Required step size is less than spacing between numbers.,True,True,False,45193
lgb5.0_mu0.08_a0.2_b0.4_amp-0.02_R3_dr0.0625,5.0,,0.08,0.2,0.4,0.15,quadratic,-0.02,3,800.0,1000,150,0.0625,2,216,9572.802311182022,,,The solver successfully reached the end of the integration interval.,True,True,False,27780356
lgb5.0_mu0.08_a0.2_b0.4_amp-0.02_R3_dr0.0625_linear,5.0,,0.08,0.2,0.4,0.15,linear,-0.02,3,800.0,1000,150,0.0625,2,216,725.195788860321,False,2.8764400889186663,Required step size is less than spacing between numbers.,True,True,False,138205
lgb5.0_mu0.08_a0.2_b0.4_amp-0.02_R3_dr0.0625_quadratic_0,5.0,,0.08,0.2,0.4,0.15,quadratic_0,-0.02,3,800.0,1000,150,0.0625,2,216,9309.69735622406,True,-1.0,The solver successfully reached the end of the integration interval.,True,True,False,31237377
lgb5.0_mu0.08_a0.2_b0.4_amp-0.02_R3_dr0.0625_quadratic_10,5.0,,0.08,0.2,0.4,0.15,quadratic_10,-0.02,3,800.0,1000,150,0.0625,2,216,10118.450932741165,True,-1.0,The solver successfully reached the end of the integration interval.,True,True,False,27780883
lgb5.0_mu0.08_a0.2_b0.4_amp-0.02_R3_dr0.0625_quadratic_25,5.0,,0.08,0.2,0.4,0.15,quadratic_25,-0.02,3,800.0,1000,150,0.0625,2,216,10116.912239074707,True,-1.0,The solver successfully reached the end of the integration interval.,True,True,False,27780883
lgb5.0_mu0.08_a0.2_b0.4_amp-0.02_R3_dr0.0625_quadratic_50,5.0,,0.08,0.2,0.4,0.15,quadratic_50,-0.02,3,800.0,1000,150,0.0625,2,216,9593.91570186615,True,-1.0,The solver successfully reached the end of the integration interval.,True,True,False,31237381
lgb5.0_mu0.08_a0.2_b0.4_amp-0.05_R3_dr0.0625_quadratic_0,5.0,,0.08,0.2,0.4,0.15,quadratic_0,-0.05,3,800.0,1000,150,0.0625,2,216,10121.72786283493,True,-1.0,The solver successfully reached the end of the integration interval.,True,True,False,31237377
lgb5_mu0.08_a0_b0_amp-0.02_R3_dr0.0333333_quadratic_0_g25,5.0,5.0,0.08,0.0,0.0,0.15,quadratic_0,-0.02,3.0,800.0,1000,150,0.03333333333333333,2,222,15326.419413805008,True,-1.0,The solver successfully reached the end of the integration interval.,True,True,False,32118205
lgb5_mu0.08_a0_b0_amp-0.02_R3_dr0.0416667_quadratic_0_g210,5.0,10.0,0.08,0.0,0.0,0.15,quadratic_0,-0.02,3.0,800.0,1000,150,0.041666666666666664,2,220,11366.374541521072,True,-1.0,The solver successfully reached the end of the integration interval.,True,True,False,31813685
lgb5_mu0.08_a0_b0_amp-0.02_R3_dr0.0416667_quadratic_0_g220,5.0,20.0,0.08,0.0,0.0,0.15,quadratic_0,-0.02,3,800.0,1000,150,0.041666666666666664,2,220,18148.442160367966,True,-1.0,The solver successfully reached the end of the integration interval.,True,True,True,69451869
lgb5_mu0.08_a0_b0_amp-0.02_R3_dr0.0416667_quadratic_0_g25,5.0,5.0,0.08,0.0,0.0,0.15,quadratic_0,-0.02,3.0,800.0,1000,150,0.041666666666666664,2,220,11557.889035224915,True,-1.0,The solver successfully reached the end of the integration interval.,True,True,False,31830173
lgb5_mu0.08_a0_b0_amp-0.02_R3_dr0.0416667_quadratic_0_g28,5.0,8.0,0.08,0.0,0.0,0.15,quadratic_0,-0.02,3.0,800.0,1000,150,0.041666666666666664,2,220,11362.1901512146,True,-1.0,The solver successfully reached the end of the integration interval.,True,True,False,31813685
lgb5_mu0.08_a0_b0_amp-0.02_R3_dr0.0416667_quadratic_0_g29,5.0,9.0,0.08,0.0,0.0,0.15,quadratic_0,-0.02,3.0,800.0,1000,150,0.041666666666666664,2,220,11326.721435546875,True,-1.0,The solver successfully reached the end of the integration interval.,True,True,False,31813685
lgb5_mu0.08_a0_b0_amp-0.02_R3_dr0.0555556_quadratic_0_g25,5.0,5.0,0.08,0.0,0.0,0.15,quadratic_0,-0.02,3.0,800.0,1000,150,0.05555555555555555,2,217,8980.193137645721,True,-1.0,The solver successfully reached the end of the integration interval.,True,True,False,31398125
lgb6.0_mu0.08_a0.0_b0.0_amp-0.02_R3.0_dr0.041666666666666664_linear,6.0,,0.08,0.0,0.0,0.15,linear,-0.02,3.0,800.0,1000,150,0.041666666666666664,2,220,19594.971999406815,True,-1.0,The solver successfully reached the end of the integration interval.,True,True,False,31813421
lgb6.0_mu0.08_a0.0_b0.0_amp-0.05_R3.0_dr0.041666666666666664_quadratic_0,6.0,,0.08,0.0,0.0,0.15,quadratic_0,-0.05,3.0,800.0,1000,150,0.041666666666666664,2,220,14572.43426823616,True,-1.0,The solver successfully reached the end of the integration interval.,True,True,False,31813441
lgb6.0_mu0.08_a0.0_b0.0_amp-0.1_R3.0_dr0.041666666666666664_quadratic_0,6.0,,0.08,0.0,0.0,0.15,quadratic_0,-0.1,3.0,800.0,1000,150,0.041666666666666664,2,220,527.6671555042267,False,7.484424076881475,Required step size is less than spacing between numbers.,True,True,False,331393
lgb6.0_mu0.08_a0.0_b0.0_amp-0.5_R3.0_dr0.041666666666666664_quadratic_0,6.0,,0.08,0.0,0.0,0.15,quadratic_0,-0.5,3.0,800.0,1000,150,0.041666666666666664,2,220,832.8800122737885,False,0.44087478927846746,Required step size is less than spacing between numbers.,True,True,False,45193
lgb6.0_mu0.08_a0.2_b0.4_amp-0.02_R3_dr0.0625,6.0,,0.08,0.2,0.4,0.15,quadratic,-0.02,3,800.0,1000,150,0.0625,2,216,9715.506781339645,True,-1.0,The solver successfully reached the end of the integration interval.,True,True,False,27780871
lgb6.0_mu0.08_a0.2_b0.4_amp-0.02_R3_dr0.0625_linear,6.0,,0.08,0.2,0.4,0.15,linear,-0.02,3,800.0,1000,150,0.0625,2,216,1195.3062226772308,False,2.823178623030263,Required step size is less than spacing between numbers.,True,True,False,138205
lgb6.0_mu0.08_a0.2_b0.4_amp-0.02_R3_dr0.0625_quadratic_0,6.0,,0.08,0.2,0.4,0.15,quadratic_0,-0.02,3,800.0,1000,150,0.0625,2,216,9000.394547462463,True,-1.0,The solver successfully reached the end of the integration interval.,True,True,False,31237377
lgb6.0_mu0.08_a0.2_b0.4_amp-0.02_R3_dr0.0625_quadratic_10,6.0,,0.08,0.2,0.4,0.15,quadratic_10,-0.02,3,800.0,1000,150,0.0625,2,216,11791.900243759155,True,-1.0,The solver successfully reached the end of the integration interval.,True,True,False,27780883
lgb6.0_mu0.08_a0.2_b0.4_amp-0.02_R3_dr0.0625_quadratic_50,6.0,,0.08,0.2,0.4,0.15,quadratic_50,-0.02,3,800.0,1000,150,0.0625,2,216,8968.234933137894,True,-1.0,The solver successfully reached the end of the integration interval.,True,True,False,27780883
lgb6.0_mu0.08_a0.2_b0.4_amp-0.05_R3_dr0.0625_quadratic_0,6.0,,0.08,0.2,0.4,0.15,quadratic_0,-0.05,3,800.0,1000,150,0.0625,2,216,10166.199219703674,True,-1.0,The solver successfully reached the end of the integration interval.,True,True,False,31237377
lgb6_mu0.08_a0_b0_amp-0.02_R3_dr0.0416667_quadratic_0_g20,6.0,0.0,0.08,0.0,0.0,0.15,quadratic_0,-0.02,3.0,800.0,1000,150,0.041666666666666664,2,220,11577.909394979477,True,-1.0,The solver successfully reached the end of the integration interval.,True,True,True,90572373
lgb6_mu0.08_a0_b0_amp-0.02_R3_dr0.0416667_quadratic_0_g210,6.0,10.0,0.08,0.0,0.0,0.15,quadratic_0,-0.02,3.0,800.0,1000,150,0.041666666666666664,2,220,12127.0856487751,True,-1.0,The solver successfully reached the end of the integration interval.,True,True,False,31813685
lgb6_mu0.08_a0_b0_amp-0.02_R3_dr0.0416667_quadratic_0_g212,6.0,12.0,0.08,0.0,0.0,0.15,quadratic_0,-0.02,3.0,800.0,1000,150,0.041666666666666664,2,220,12505.631538391113,True,-1.0,The solver successfully reached the end of the integration interval.,True,True,False,31813685
lgb6_mu0.08_a0_b0_amp-0.02_R3_dr0.0416667_quadratic_0_g214,6.0,14.0,0.08,0.0,0.0,0.15,quadratic_0,-0.02,3.0,800.0,1000,150,0.041666666666666664,2,220,11336.242602109909,True,-1.0,The solver successfully reached the end of the integration interval.,True,True,False,31813685
lgb6_mu0.08_a0_b0_amp-0.02_R3_dr0.0416667_quadratic_0_g216,6.0,16.0,0.08,0.0,0.0,0.15,quadratic_0,-0.02,3.0,800.0,1000,150,0.041666666666666664,2,220,11614.481605529785,True,-1.0,The solver successfully reached the end of the integration interval.,True,True,False,31813685
lgb6_mu0.08_a0_b0_amp-0.02_R3_dr0.0416667_quadratic_0_g218,6.0,18.0,0.08,0.0,0.0,0.15,quadratic_0,-0.02,3.0,800.0,1000,150,0.041666666666666664,2,220,11407.972266197205,True,-1.0,The solver successfully reached the end of the integration interval.,True,True,False,31813685
lgb6_mu0.08_a0_b0_amp-0.02_R3_dr0.0416667_quadratic_0_g22,6.0,2.0,0.08,0.0,0.0,0.15,quadratic_0,-0.02,3.0,800.0,1000,150,0.041666666666666664,2,220,11383.128947257996,True,-1.0,The solver successfully reached the end of the integration interval.,True,True,False,31813685
lgb6_mu0.08_a0_b0_amp-0.02_R3_dr0.0416667_quadratic_0_g220,6.0,20.0,0.08,0.0,0.0,0.15,quadratic_0,-0.02,3,800.0,1000,150,0.041666666666666664,2,220,19282.949373960495,True,-1.0,The solver successfully reached the end of the integration interval.,True,True,False,31813685
lgb6_mu0.08_a0_b0_amp-0.02_R3_dr0.0416667_quadratic_0_g24,6.0,4.0,0.08,0.0,0.0,0.15,quadratic_0,-0.02,3.0,800.0,1000,150,0.041666666666666664,2,220,11663.414640188217,True,-1.0,The solver successfully reached the end of the integration interval.,True,True,False,31813685
lgb6_mu0.08_a0_b0_amp-0.02_R3_dr0.0416667_quadratic_0_g26,6.0,6.0,0.08,0.0,0.0,0.15,quadratic_0,-0.02,3.0,800.0,1000,150,0.041666666666666664,2,220,12124.599041938782,True,-1.0,The solver successfully reached the end of the integration interval.,True,True,True,90572373
lgb6_mu0.08_a0_b0_amp-0.02_R3_dr0.0416667_quadratic_0_g28,6.0,8.0,0.08,0.0,0.0,0.15,quadratic_0,-0.02,3.0,800.0,1000,150,0.041666666666666664,2,220,12124.2194814682,True,-1.0,The solver successfully reached the end of the integration interval.,True,True,False,31813685
lgb6_mu0.08_a0_b0_amp-0.02_R3_dr0.0416667_quadratic_0_g29,6.0,9.0,0.08,0.0,0.0,0.15,quadratic_0,-0.02,3.0,800.0,1000,150,0.041666666666666664,2,220,11377.702556848526,True,-1.0,The solver successfully reached the end of the integration interval.,True,True,False,31813685
lgb6_mu0.08_a0_b0_amp-0.1_R3_dr0.0416667_quadratic_0_g20,6.0,0.0,0.08,0.0,0.0,0.15,quadratic_0,-0.1,3.0,800.0,1000,150,0.041666666666666664,2,220,212.38679599761963,False,6.69427692652943,Required step size is less than spacing between numbers.,True,True,False,299837
lgb6_mu0.08_a0_b0_amp-0.5_R3_dr0.0416667_quadratic_0_g20,6.0,0.0,0.08,0.0,0.0,0.15,quadratic_0,-0.5,3.0,800.0,1000,150,0.041666666666666664,2,220,118.91692924499512,False,0.11287016851305562,Required step size is less than spacing between numbers.,True,True,False,45437
lgb7.0_mu0.08_a0.0_b0.0_amp-0.05_R3.0_dr0.041666666666666664_quadratic_0,7.0,,0.08,0.0,0.0,0.15,quadratic_0,-0.05,3.0,800.0,1000,150,0.041666666666666664,2,220,14861.225215911865,True,-1.0,The solver successfully reached the end of the integration interval.,True,True,False,31813441
lgb7.0_mu0.08_a0.0_b0.0_amp-0.1_R3.0_dr0.041666666666666664_quadratic_0,7.0,,0.08,0.0,0.0,0.15,quadratic_0,-0.1,3.0,800.0,1000,150,0.041666666666666664,2,220,353.16577196121216,False,3.7615487499770714,Required step size is less than spacing between numbers.,True,True,False,172393
lgb7.0_mu0.08_a0.0_b0.0_amp-0.5_R3.0_dr0.041666666666666664_quadratic_0,7.0,,0.08,0.0,0.0,0.15,quadratic_0,-0.5,3.0,800.0,1000,150,0.041666666666666664,2,220,516.803121805191,False,0.3504354089300539,Required step size is less than spacing between numbers.,True,True,False,45193
lgb7.0_mu0.08_a0.2_b0.4_amp-0.02_R3_dr0.0625,7.0,,0.08,0.2,0.4,0.15,quadratic,-0.02,3,800.0,1000,150,0.0625,2,216,10290.483039140701,True,-1.0,The solver successfully reached the end of the integration interval.,True,True,False,27780871
lgb7.0_mu0.08_a0.2_b0.4_amp-0.02_R3_dr0.0625_linear,7.0,,0.08,0.2,0.4,0.15,linear,-0.02,3,800.0,1000,150,0.0625,2,216,1216.28906083107,False,1.7950515320754856,Required step size is less than spacing between numbers.,True,True,False,106981
lgb7.0_mu0.08_a0.2_b0.4_amp-0.02_R3_dr0.0625_quadratic_0,7.0,,0.08,0.2,0.4,0.15,quadratic_0,-0.02,3,800.0,1000,150,0.0625,2,216,9149.496465682983,True,-1.0,The solver successfully reached the end of the integration interval.,True,True,False,31237377
lgb7.0_mu0.08_a0.2_b0.4_amp-0.02_R3_dr0.0625_quadratic_10,7.0,,0.08,0.2,0.4,0.15,quadratic_10,-0.02,3,800.0,1000,150,0.0625,2,216,9763.840463399887,True,-1.0,The solver successfully reached the end of the integration interval.,True,True,False,27780883
lgb7.0_mu0.08_a0.2_b0.4_amp-0.02_R3_dr0.0625_quadratic_50,7.0,,0.08,0.2,0.4,0.15,quadratic_50,-0.02,3,800.0,1000,150,0.0625,2,216,9062.288768529892,True,-1.0,The solver successfully reached the end of the integration interval.,True,True,False,27780883
lgb7.0_mu0.08_a0.2_b0.4_amp-0.05_R3_dr0.0625_quadratic_0,7.0,,0.08,0.2,0.4,0.15,quadratic_0,-0.05,3,800.0,1000,150,0.0625,2,216,10153.758633852005,True,-1.0,The solver successfully reached the end of the integration interval.,True,True,False,31237377
lgb7_mu0.08_a0_b0_amp-0.02_R3_dr0.0416667_quadratic_0_g20,7.0,0.0,0.08,0.0,0.0,0.15,quadratic_0,-0.02,3.0,800.0,1000,150,0.041666666666666664,2,220,11607.834198474884,True,-1.0,The solver successfully reached the end of the integration interval.,True,True,False,31813685
lgb7_mu0.08_a0_b0_amp-0.02_R3_dr0.0416667_quadratic_0_g210,7.0,10.0,0.08,0.0,0.0,0.15,quadratic_0,-0.02,3.0,800.0,1000,150,0.041666666666666664,2,220,11391.205204963684,True,-1.0,The solver successfully reached the end of the integration interval.,True,True,True,90572373
lgb7_mu0.08_a0_b0_amp-0.02_R3_dr0.0416667_quadratic_0_g220,7.0,20.0,0.08,0.0,0.0,0.15,quadratic_0,-0.02,3,800.0,1000,150,0.041666666666666664,2,220,15536.535766363144,True,-1.0,The solver successfully reached the end of the integration interval.,True,True,True,90572373
lgb7_mu0.08_a0_b0_amp-0.02_R3_dr0.0416667_quadratic_0_g28,7.0,8.0,0.08,0.0,0.0,0.15,quadratic_0,-0.02,3.0,800.0,1000,150,0.041666666666666664,2,220,11341.174416780472,True,-1.0,The solver successfully reached the end of the integration interval.,True,True,True,90572373
lgb7_mu0.08_a0_b0_amp-0.02_R3_dr0.0416667_quadratic_0_g29,7.0,9.0,0.08,0.0,0.0,0.15,quadratic_0,-0.02,3.0,800.0,1000,150,0.041666666666666664,2,220,11388.035065174103,True,-1.0,The solver successfully reached the end of the integration interval.,True,True,True,90572373
lgb8.0_mu0.08_a0.0_b0.0_amp-0.1_R3.0_dr0.041666666666666664_quadratic_0,8.0,,0.08,0.0,0.0,0.15,quadratic_0,-0.1,3.0,800.0,1000,150,0.041666666666666664,2,220,1018.0722138881683,False,3.660830398709122,Required step size is less than spacing between numbers.,True,True,False,172393
lgb8.0_mu0.08_a0.0_b0.0_amp-0.5_R3.0_dr0.041666666666666664_quadratic_0,8.0,,0.08,0.0,0.0,0.15,quadratic_0,-0.5,3.0,800.0,1000,150,0.041666666666666664,2,220,952.6336557865143,False,0.2931395269743437,Required step size is less than spacing between numbers.,True,True,False,45193
lgb8.0_mu0.08_a0.2_b0.4_amp-0.02_R3_dr0.0625,8.0,,0.08,0.2,0.4,0.15,quadratic,-0.02,3,800.0,1000,150,0.0625,2,216,9908.159029483795,True,-1.0,The solver successfully reached the end of the integration interval.,True,True,False,27780871
lgb8.0_mu0.08_a0.2_b0.4_amp-0.02_R3_dr0.0625_linear,8.0,,0.08,0.2,0.4,0.15,linear,-0.02,3,800.0,1000,150,0.0625,2,216,186.42937874794006,False,1.1230000983312947,Required step size is less than spacing between numbers.,True,True,False,75757
lgb8.0_mu0.08_a0.2_b0.4_amp-0.02_R3_dr0.0625_quadratic_0,8.0,,0.08,0.2,0.4,0.15,quadratic_0,-0.02,3,800.0,1000,150,0.0625,2,216,9743.617723703384,True,-1.0,The solver successfully reached the end of the integration interval.,True,True,False,31237377
lgb8.0_mu0.08_a0.2_b0.4_amp-0.02_R3_dr0.0625_quadratic_10,8.0,,0.08,0.2,0.4,0.15,quadratic_10,-0.02,3,800.0,1000,150,0.0625,2,216,9709.583179235458,True,-1.0,The solver successfully reached the end of the integration interval.,True,True,False,27780883
lgb8.0_mu0.08_a0.2_b0.4_amp-0.02_R3_dr0.0625_quadratic_50,8.0,,0.08,0.2,0.4,0.15,quadratic_50,-0.02,3,800.0,1000,150,0.0625,2,216,10392.867277860641,True,-1.0,The solver successfully reached the end of the integration interval.,True,True,False,27780883
lgb8.0_mu0.08_a0.2_b0.4_amp-0.05_R3_dr0.0625_quadratic_0,8.0,,0.08,0.2,0.4,0.15,quadratic_0,-0.05,3,800.0,1000,150,0.0625,2,216,10615.224681138992,True,-1.0,The solver successfully reached the end of the integration interval.,True,True,False,31237377
lgb8_mu0.08_a0_b0_amp-0.02_R3_dr0.0416667_quadratic_0_g20,8.0,0.0,0.08,0.0,0.0,0.15,quadratic_0,-0.02,3.0,800.0,1000,150,0.041666666666666664,2,220,11688.277012586594,True,-1.0,The solver successfully reached the end of the integration interval.,True,True,True,90572373
lgb8_mu0.08_a0_b0_amp-0.02_R3_dr0.0416667_quadratic_0_g210,8.0,10.0,0.08,0.0,0.0,0.15,quadratic_0,-0.02,3.0,800.0,1000,150,0.041666666666666664,2,220,11620.20306968689,True,-1.0,The solver successfully reached the end of the integration interval.,True,True,True,90572373
lgb8_mu0.08_a0_b0_amp-0.02_R3_dr0.0416667_quadratic_0_g212,8.0,12.0,0.08,0.0,0.0,0.15,quadratic_0,-0.02,3.0,800.0,1000,150,0.041666666666666664,2,220,11698.104588508606,True,-1.0,The solver successfully reached the end of the integration interval.,True,True,False,31813685
lgb8_mu0.08_a0_b0_amp-0.02_R3_dr0.0416667_quadratic_0_g214,8.0,14.0,0.08,0.0,0.0,0.15,quadratic_0,-0.02,3.0,800.0,1000,150,0.041666666666666664,2,220,11724.797725915909,True,-1.0,The solver successfully reached the end of the integration interval.,True,True,False,31813685
lgb8_mu0.08_a0_b0_amp-0.02_R3_dr0.0416667_quadratic_0_g216,8.0,16.0,0.08,0.0,0.0,0.15,quadratic_0,-0.02,3.0,800.0,1000,150,0.041666666666666664,2,220,11482.1022772789,True,-1.0,The solver successfully reached the end of the integration interval.,True,True,False,31813685
lgb8_mu0.08_a0_b0_amp-0.02_R3_dr0.0416667_quadratic_0_g218,8.0,18.0,0.08,0.0,0.0,0.15,quadratic_0,-0.02,3.0,800.0,1000,150,0.041666666666666664,2,220,11459.11107969284,True,-1.0,The solver successfully reached the end of the integration interval.,True,True,False,31813685
lgb8_mu0.08_a0_b0_amp-0.02_R3_dr0.0416667_quadratic_0_g22,8.0,2.0,0.08,0.0,0.0,0.15,quadratic_0,-0.02,3.0,800.0,1000,150,0.041666666666666664,2,220,11399.118864536285,True,-1.0,The solver successfully reached the end of the integration interval.,True,True,False,31813685
lgb8_mu0.08_a0_b0_amp-0.02_R3_dr0.0416667_quadratic_0_g220,8.0,20.0,0.08,0.0,0.0,0.15,quadratic_0,-0.02,3,800.0,1000,150,0.041666666666666664,2,220,18319.418989896774,True,-1.0,The solver successfully reached the end of the integration interval.,True,True,True,90572373
lgb8_mu0.08_a0_b0_amp-0.02_R3_dr0.0416667_quadratic_0_g24,8.0,4.0,0.08,0.0,0.0,0.15,quadratic_0,-0.02,3.0,800.0,1000,150,0.041666666666666664,2,220,11691.931322336197,True,-1.0,The solver successfully reached the end of the integration interval.,True,True,False,31813685
lgb8_mu0.08_a0_b0_amp-0.02_R3_dr0.0416667_quadratic_0_g26,8.0,6.0,0.08,0.0,0.0,0.15,quadratic_0,-0.02,3.0,800.0,1000,150,0.041666666666666664,2,220,11625.573073863983,True,-1.0,The solver successfully reached the end of the integration interval.,True,True,False,31813685
lgb8_mu0.08_a0_b0_amp-0.02_R3_dr0.0416667_quadratic_0_g28,8.0,8.0,0.08,0.0,0.0,0.15,quadratic_0,-0.02,3.0,800.0,1000,150,0.041666666666666664,2,220,11709.97285103798,True,-1.0,The solver successfully reached the end of the integration interval.,True,True,True,90572373
lgb8_mu0.08_a0_b0_amp-0.02_R3_dr0.0416667_quadratic_0_g29,8.0,9.0,0.08,0.0,0.0,0.15,quadratic_0,-0.02,3.0,800.0,1000,150,0.041666666666666664,2,220,11458.129705667496,True,-1.0,The solver successfully reached the end of the integration interval.,True,True,True,90572373
lgb8_mu0.08_a0_b0_amp-0.1_R3_dr0.0416667_quadratic_0_g20,8.0,0.0,0.08,0.0,0.0,0.15,quadratic_0,-0.1,3.0,800.0,1000,150,0.041666666666666664,2,220,430.80112385749817,False,3.6121917594254875,Required step size is less than spacing between numbers.,True,True,False,172637
lgb8_mu0.08_a0_b0_amp-0.5_R3_dr0.0416667_quadratic_0_g20,8.0,0.0,0.08,0.0,0.0,0.15,quadratic_0,-0.5,3.0,800.0,1000,150,0.041666666666666664,2,220,199.75020289421082,False,0.10594176497428025,Required step size is less than spacing between numbers.,True,True,False,45437
lgb9.0_mu0.08_a0.2_b0.4_amp-0.02_R3_dr0.0625,9.0,,0.08,0.2,0.4,0.15,quadratic,-0.02,3,800.0,1000,150,0.0625,2,216,9905.311903953552,True,-1.0,The solver successfully reached the end of the integration interval.,True,True,False,27780871
lgb9.0_mu0.08_a0.2_b0.4_amp-0.02_R3_dr0.0625_linear,9.0,,0.08,0.2,0.4,0.15,linear,-0.02,3,800.0,1000,150,0.0625,2,216,316.59562611579895,False,0.8606395038219347,Required step size is less than spacing between numbers.,True,True,False,75757
lgb9.0_mu0.08_a0.2_b0.4_amp-0.02_R3_dr0.0625_quadratic_0,9.0,,0.08,0.2,0.4,0.15,quadratic_0,-0.02,3,800.0,1000,150,0.0625,2,216,9848.634634256363,True,-1.0,The solver successfully reached the end of the integration interval.,True,True,False,31237377
lgb9.0_mu0.08_a0.2_b0.4_amp-0.02_R3_dr0.0625_quadratic_10,9.0,,0.08,0.2,0.4,0.15,quadratic_10,-0.02,3,800.0,1000,150,0.0625,2,216,9698.050787210464,True,-1.0,The solver successfully reached the end of the integration interval.,True,True,False,31237381
lgb9.0_mu0.08_a0.2_b0.4_amp-0.02_R3_dr0.0625_quadratic_50,9.0,,0.08,0.2,0.4,0.15,quadratic_50,-0.02,3,800.0,1000,150,0.0625,2,216,10400.432257652283,True,-1.0,The solver successfully reached the end of the integration interval.,True,True,False,27780883
lgb9.0_mu0.08_a0.2_b0.4_amp-0.05_R3_dr0.0625_quadratic_0,9.0,,0.08,0.2,0.4,0.15,quadratic_0,-0.05,3,800.0,1000,150,0.0625,2,216,9196.662767648697,True,-1.0,The solver successfully reached the end of the integration interval.,True,True,False,31237377
lgb9_mu0.08_a0_b0_amp-0.02_R3_dr0.0416667_quadratic_0_g20,9.0,0.0,0.08,0.0,0.0,0.15,quadratic_0,-0.02,3.0,800.0,1000,150,0.041666666666666664,2,220,11553.912289619446,True,-1.0,The solver successfully reached the end of the integration interval.,True,True,True,90572373
lgb9_mu0.08_a0_b0_amp-0.02_R3_dr0.0416667_quadratic_0_g210,9.0,10.0,0.08,0.0,0.0,0.15,quadratic_0,-0.02,3.0,800.0,1000,150,0.041666666666666664,2,220,13500.595270633698,True,-1.0,The solver successfully reached the end of the integration interval.,True,True,True,90572373
lgb9_mu0.08_a0_b0_amp-0.02_R3_dr0.0416667_quadratic_0_g220,9.0,20.0,0.08,0.0,0.0,0.15,quadratic_0,-0.02,3,800.0,1000,150,0.041666666666666664,2,220,14980.04543542862,True,-1.0,The solver successfully reached the end of the integration interval.,True,True,False,31813685
lgb9_mu0.08_a0_b0_amp-0.02_R3_dr0.0416667_quadratic_0_g28,9.0,8.0,0.08,0.0,0.0,0.15,quadratic_0,-0.02,3.0,800.0,1000,150,0.041666666666666664,2,220,11517.094815254211,True,-1.0,The solver successfully reached the end of the integration interval.,True,True,True,90572373
lgb9_mu0.08_a0_b0_amp-0.02_R3_dr0.0416667_quadratic_0_g29,9.0,9.0,0.08,0.0,0.0,0.15,quadratic_0,-0.02,3.0,800.0,1000,150,0.041666666666666664,2,220,11471.555425405502,True,-1.0,The solver successfully reached the end of the integration interval.,True,True,True,90572373
